id;student_id;speciality_id;faculty_id;is_budget;study_form;competition_score;motivation_letter_id;quota_id
1;1;12;6;0;full-time;1;1;
2;1;5;1;1;extramural;1;1;
3;1;13;3;0;extramural;1;1;
4;2;26;3;1;full-time;1;2;
5;2;15;7;0;extramural;1;2;
6;2;11;3;0;full-time;1;2;
7;2;25;7;1;extramural;1;2;
8;2;24;7;0;extramural;1;2;
9;3;25;7;0;full-time;1;3;
10;3;21;7;0;full-time;1;3;
11;3;6;5;0;full-time;1;3;
12;3;1;3;0;extramural;1;3;
13;4;10;3;0;full-time;1;4;
14;4;14;7;1;extramural;1;4;
15;4;16;7;1;extramural;1;4;
16;5;22;7;0;full-time;1;5;1
17;5;5;1;0;full-time;1;5;1
18;5;14;7;1;full-time;1;5;1
19;5;6;5;1;full-time;1;5;1
20;5;7;3;1;full-time;1;5;1
21;6;12;6;0;full-time;1;6;
22;6;3;3;1;full-time;1;6;
23;6;28;6;0;extramural;1;6;
24;6;5;3;1;extramural;1;6;
25;6;26;3;1;full-time;1;6;
26;7;24;7;1;full-time;1;7;
27;7;7;3;1;full-time;1;7;
28;7;21;7;1;full-time;1;7;
29;8;27;7;1;extramural;1;8;
30;8;26;3;1;full-time;1;8;
31;8;25;7;1;extramural;1;8;
32;8;5;3;1;full-time;1;8;
33;9;20;7;1;full-time;1;9;
34;9;21;7;1;full-time;1;9;
35;10;22;7;0;full-time;1;10;
36;10;19;6;1;full-time;1;10;
37;10;23;7;0;full-time;1;10;
38;10;14;7;0;extramural;1;10;
39;11;17;7;1;full-time;1;11;
40;11;21;7;1;extramural;1;11;
41;12;20;7;0;extramural;1;12;
42;12;6;5;1;extramural;1;12;
43;13;11;3;1;extramural;1;13;
44;13;29;3;1;full-time;1;13;
45;13;10;3;1;extramural;1;13;
46;13;19;6;0;extramural;1;13;
47;14;26;3;1;full-time;1;14;
48;14;5;1;0;extramural;1;14;
49;14;22;7;1;full-time;1;14;
50;14;4;3;0;extramural;1;14;
51;15;15;7;1;extramural;1;15;3
52;15;23;7;1;extramural;1;15;3
53;15;1;3;0;full-time;1;15;3
54;15;29;3;1;extramural;1;15;3
55;15;19;6;0;full-time;1;15;3
56;16;2;2;0;full-time;1;16;
57;16;10;3;1;full-time;1;16;
58;16;17;7;0;extramural;1;16;
59;16;27;7;1;full-time;1;16;
60;17;1;3;0;full-time;1;17;
61;17;11;3;1;full-time;1;17;
62;17;20;7;1;extramural;1;17;
63;17;22;7;1;full-time;1;17;
64;18;23;7;1;full-time;1;18;
65;18;27;7;1;full-time;1;18;
66;18;20;7;0;full-time;1;18;
67;19;16;7;0;full-time;1;19;
68;19;11;3;1;full-time;1;19;
69;19;14;7;0;extramural;1;19;
70;19;28;6;0;extramural;1;19;
71;19;5;3;0;extramural;1;19;
72;20;19;6;0;full-time;1;20;4
73;21;24;7;1;extramural;1;21;
74;21;6;5;1;full-time;1;21;
75;21;14;7;0;extramural;1;21;
76;22;21;7;0;full-time;1;22;
77;23;27;7;0;extramural;1;23;
78;23;6;5;1;extramural;1;23;
79;23;28;6;0;full-time;1;23;
80;23;1;3;0;full-time;1;23;
81;23;12;6;1;extramural;1;23;
82;24;8;3;0;full-time;1;24;
83;24;18;6;0;extramural;1;24;
84;24;17;7;0;extramural;1;24;
85;24;9;4;0;full-time;1;24;
86;25;2;3;0;extramural;1;25;5
87;25;20;7;1;extramural;1;25;5
88;25;21;7;0;full-time;1;25;5
89;25;7;3;0;full-time;1;25;5
90;25;29;3;1;extramural;1;25;5
91;26;12;6;0;full-time;1;26;
92;26;10;3;1;extramural;1;26;
93;27;18;6;1;extramural;1;27;
94;27;10;3;0;extramural;1;27;
95;28;3;3;0;extramural;1;28;
96;28;22;7;0;extramural;1;28;
97;29;2;2;0;full-time;1;29;
98;30;15;7;0;full-time;1;30;6
99;30;2;3;1;full-time;1;30;6
100;30;1;3;0;extramural;1;30;6
101;30;10;3;0;extramural;1;30;6
102;31;28;6;0;extramural;1;31;
103;31;23;7;1;extramural;1;31;
104;32;6;5;1;full-time;1;32;
105;32;17;7;0;full-time;1;32;
106;32;11;3;1;extramural;1;32;
107;33;28;6;1;full-time;1;33;
108;33;10;3;1;extramural;1;33;
109;33;24;7;0;extramural;1;33;
110;33;18;6;1;extramural;1;33;
111;33;16;7;0;full-time;1;33;
112;34;15;7;1;extramural;1;34;
113;34;25;7;1;full-time;1;34;
114;34;12;6;1;extramural;1;34;
115;34;4;3;0;full-time;1;34;
116;34;14;7;0;extramural;1;34;
117;35;27;7;1;extramural;1;35;7
118;35;2;2;0;full-time;1;35;7
119;35;19;6;0;extramural;1;35;7
120;35;5;3;0;full-time;1;35;7
121;35;24;7;0;full-time;1;35;7
122;36;21;7;0;full-time;1;36;
123;36;7;3;1;extramural;1;36;
124;37;13;3;0;full-time;1;37;
125;37;6;5;0;full-time;1;37;
126;37;10;3;1;extramural;1;37;
127;38;16;7;1;extramural;1;38;
128;38;28;6;1;full-time;1;38;
129;39;6;5;0;extramural;1;39;
130;39;3;3;0;extramural;1;39;
131;39;10;3;1;extramural;1;39;
132;40;4;4;0;extramural;1;40;8
133;40;28;6;1;extramural;1;40;8
134;40;22;7;0;full-time;1;40;8
135;41;22;7;0;full-time;1;41;
136;41;4;3;1;extramural;1;41;
137;41;28;6;0;extramural;1;41;
138;41;27;7;0;extramural;1;41;
139;41;12;6;0;extramural;1;41;
140;42;16;7;0;full-time;1;42;
141;42;10;3;0;extramural;1;42;
142;42;21;7;1;extramural;1;42;
143;42;18;6;0;full-time;1;42;
144;43;12;6;0;extramural;1;43;
145;43;24;7;0;extramural;1;43;
146;43;3;3;0;full-time;1;43;
147;43;9;4;1;extramural;1;43;
148;43;22;7;0;extramural;1;43;
149;44;12;6;1;extramural;1;44;
150;44;17;7;0;full-time;1;44;
151;45;12;6;0;extramural;1;45;9
152;45;24;7;1;extramural;1;45;9
153;45;16;7;0;full-time;1;45;9
154;46;20;7;0;extramural;1;46;
155;46;22;7;0;extramural;1;46;
156;46;24;7;0;full-time;1;46;
157;46;28;6;0;extramural;1;46;
158;47;6;5;1;extramural;1;47;
159;48;24;7;1;extramural;1;48;
160;48;23;7;0;extramural;1;48;
161;48;22;7;0;extramural;1;48;
162;49;8;3;0;full-time;1;49;
163;49;17;7;0;full-time;1;49;
164;50;4;4;0;full-time;1;50;1
165;50;26;3;1;extramural;1;50;1
166;50;1;1;1;extramural;1;50;1
167;50;6;5;1;full-time;1;50;1
168;50;11;3;1;full-time;1;50;1
169;51;12;6;1;extramural;1;51;
170;51;21;7;0;extramural;1;51;
171;51;10;3;1;extramural;1;51;
172;51;15;7;1;extramural;1;51;
173;52;14;7;1;full-time;1;52;
174;52;11;3;0;extramural;1;52;
175;53;5;1;0;extramural;1;53;
176;53;16;7;0;full-time;1;53;
177;53;18;6;1;full-time;1;53;
178;53;29;3;1;full-time;1;53;
179;53;8;3;0;full-time;1;53;
180;54;23;7;1;full-time;1;54;
181;54;19;6;1;full-time;1;54;
182;55;26;3;1;full-time;1;55;11
183;55;29;3;1;full-time;1;55;11
184;55;23;7;1;extramural;1;55;11
185;55;4;3;0;full-time;1;55;11
186;56;16;7;0;extramural;1;56;
187;56;20;7;1;extramural;1;56;
188;56;25;7;0;extramural;1;56;
189;56;1;1;1;full-time;1;56;
190;57;5;1;1;extramural;1;57;
191;57;24;7;0;extramural;1;57;
192;57;22;7;0;extramural;1;57;
193;57;1;1;1;extramural;1;57;
194;58;29;3;1;full-time;1;58;
195;58;26;3;0;extramural;1;58;
196;58;24;7;0;full-time;1;58;
197;59;7;3;0;full-time;1;59;
198;59;19;6;0;full-time;1;59;
199;60;10;3;0;full-time;1;60;12
200;61;29;3;0;extramural;1;61;
201;61;1;1;1;full-time;1;61;
202;61;14;7;0;extramural;1;61;
203;61;17;7;1;extramural;1;61;
204;62;5;1;0;full-time;1;62;
205;62;20;7;0;full-time;1;62;
206;62;4;4;1;extramural;1;62;
207;62;25;7;0;extramural;1;62;
208;63;10;3;0;extramural;1;63;
209;63;25;7;0;extramural;1;63;
210;64;21;7;0;full-time;1;64;
211;64;8;3;0;extramural;1;64;
212;64;2;3;0;extramural;1;64;
213;65;4;4;0;full-time;1;65;13
214;65;6;5;0;full-time;1;65;13
215;65;22;7;1;extramural;1;65;13
216;66;17;7;0;extramural;1;66;
217;66;9;4;0;full-time;1;66;
218;66;11;3;0;extramural;1;66;
219;66;3;3;1;extramural;1;66;
220;66;18;6;1;extramural;1;66;
221;67;26;3;1;extramural;1;67;
222;67;13;3;1;extramural;1;67;
223;67;18;6;0;extramural;1;67;
224;67;29;3;1;full-time;1;67;
225;67;20;7;0;full-time;1;67;
226;68;21;7;0;full-time;1;68;
227;68;11;3;0;extramural;1;68;
228;69;7;3;0;full-time;1;69;
229;69;15;7;0;full-time;1;69;
230;70;22;7;0;extramural;1;70;14
231;70;11;3;1;extramural;1;70;14
232;71;7;3;1;extramural;1;71;
233;72;18;6;1;full-time;1;72;
234;72;7;3;0;extramural;1;72;
235;73;27;7;1;extramural;1;73;
236;73;9;4;1;full-time;1;73;
237;73;13;3;1;extramural;1;73;
238;73;18;6;1;full-time;1;73;
239;74;6;5;0;full-time;1;74;
240;74;13;3;1;full-time;1;74;
241;74;29;3;0;full-time;1;74;
242;74;10;3;0;full-time;1;74;
243;74;8;3;1;full-time;1;74;
244;75;29;3;1;extramural;1;75;15
245;75;15;7;1;extramural;1;75;15
246;75;3;3;1;extramural;1;75;15
247;76;18;6;1;full-time;1;76;
248;76;29;3;1;extramural;1;76;
249;77;15;7;0;extramural;1;77;
250;77;19;6;0;extramural;1;77;
251;77;13;3;0;full-time;1;77;
252;78;10;3;0;extramural;1;78;
253;78;6;5;1;extramural;1;78;
254;78;16;7;0;full-time;1;78;
255;78;9;4;0;full-time;1;78;
256;78;4;4;0;full-time;1;78;
257;79;27;7;0;extramural;1;79;
258;79;7;3;0;extramural;1;79;
259;79;4;4;1;extramural;1;79;
260;79;12;6;0;full-time;1;79;
261;80;6;5;1;extramural;1;80;16
262;81;23;7;0;full-time;1;81;
263;81;19;6;1;extramural;1;81;
264;81;22;7;0;full-time;1;81;
265;81;26;3;0;full-time;1;81;
266;82;19;6;1;extramural;1;82;
267;83;1;3;1;extramural;1;83;
268;83;29;3;0;extramural;1;83;
269;83;16;7;1;full-time;1;83;
270;83;4;4;1;extramural;1;83;
271;84;26;3;1;full-time;1;84;
272;85;5;1;0;full-time;1;85;17
273;86;17;7;0;extramural;1;86;
274;87;13;3;1;full-time;1;87;
275;88;20;7;0;full-time;1;88;
276;89;1;3;0;full-time;1;89;
277;89;10;3;1;full-time;1;89;
278;90;21;7;1;full-time;1;90;18
279;91;15;7;0;extramural;1;91;
280;91;1;3;1;full-time;1;91;
281;92;29;3;1;extramural;1;92;
282;92;6;5;1;full-time;1;92;
283;93;24;7;1;full-time;1;93;
284;93;26;3;1;extramural;1;93;
285;94;7;3;1;extramural;1;94;
286;94;11;3;0;full-time;1;94;
287;94;6;5;1;extramural;1;94;
288;95;27;7;0;extramural;1;95;19
289;95;3;3;0;extramural;1;95;19
290;95;11;3;0;full-time;1;95;19
291;95;8;3;0;full-time;1;95;19
292;96;16;7;0;full-time;1;96;
293;96;17;7;1;extramural;1;96;
294;96;3;3;1;full-time;1;96;
295;97;12;6;0;full-time;1;97;
296;98;14;7;0;extramural;1;98;
297;98;17;7;1;full-time;1;98;
298;99;16;7;1;full-time;1;99;
299;99;8;3;1;full-time;1;99;
300;100;23;7;1;extramural;1;100;2
301;100;16;7;1;full-time;1;100;2
302;100;8;3;0;full-time;1;100;2
303;100;11;3;0;extramural;1;100;2
304;101;5;3;1;extramural;1;101;
305;102;20;7;1;full-time;1;102;
306;102;24;7;1;extramural;1;102;
307;102;27;7;1;extramural;1;102;
308;102;22;7;1;extramural;1;102;
309;103;23;7;0;full-time;1;103;
310;104;5;3;0;full-time;1;104;
311;104;28;6;1;full-time;1;104;
312;104;24;7;0;full-time;1;104;
313;104;29;3;0;extramural;1;104;
314;104;20;7;1;extramural;1;104;
315;105;6;5;0;full-time;1;105;21
316;106;5;1;0;extramural;1;106;
317;106;3;3;1;full-time;1;106;
318;107;12;6;1;extramural;1;107;
319;107;22;7;1;extramural;1;107;
320;107;25;7;0;full-time;1;107;
321;107;13;3;1;extramural;1;107;
322;108;4;4;1;extramural;1;108;
323;108;8;3;0;extramural;1;108;
324;109;15;7;1;extramural;1;109;
325;109;27;7;1;extramural;1;109;
326;109;4;3;0;full-time;1;109;
327;109;11;3;1;extramural;1;109;
328;109;28;6;0;extramural;1;109;
329;110;24;7;0;full-time;1;110;22
330;110;26;3;1;full-time;1;110;22
331;111;22;7;0;full-time;1;111;
332;111;12;6;0;extramural;1;111;
333;112;25;7;1;extramural;1;112;
334;112;8;3;1;extramural;1;112;
335;113;21;7;1;full-time;1;113;
336;113;23;7;1;full-time;1;113;
337;113;7;3;0;full-time;1;113;
338;113;2;2;0;full-time;1;113;
339;114;24;7;0;full-time;1;114;
340;114;14;7;1;extramural;1;114;
341;115;4;4;1;full-time;1;115;23
342;115;14;7;0;full-time;1;115;23
343;116;26;3;1;extramural;1;116;
344;117;5;1;1;full-time;1;117;
345;117;3;3;1;full-time;1;117;
346;118;29;3;1;extramural;1;118;
347;118;24;7;0;full-time;1;118;
348;118;16;7;0;full-time;1;118;
349;118;4;4;1;full-time;1;118;
350;118;3;3;1;full-time;1;118;
351;119;23;7;1;full-time;1;119;
352;120;22;7;0;full-time;1;120;24
353;120;13;3;0;full-time;1;120;24
354;121;28;6;0;full-time;1;121;
355;121;27;7;1;full-time;1;121;
356;122;4;3;0;extramural;1;122;
357;122;8;3;0;extramural;1;122;
358;122;22;7;1;extramural;1;122;
359;123;25;7;0;full-time;1;123;
360;123;19;6;0;full-time;1;123;
361;123;29;3;0;extramural;1;123;
362;124;3;3;0;extramural;1;124;
363;124;17;7;1;extramural;1;124;
364;125;7;3;0;full-time;1;125;25
365;125;18;6;1;extramural;1;125;25
366;125;6;5;1;full-time;1;125;25
367;125;11;3;0;full-time;1;125;25
368;126;5;1;1;extramural;1;126;
369;126;16;7;0;full-time;1;126;
370;127;23;7;1;full-time;1;127;
371;127;1;1;0;full-time;1;127;
372;128;15;7;1;extramural;1;128;
373;128;8;3;0;full-time;1;128;
374;128;14;7;0;extramural;1;128;
375;129;28;6;1;full-time;1;129;
376;130;18;6;0;full-time;1;130;26
377;130;17;7;0;extramural;1;130;26
378;130;5;1;1;full-time;1;130;26
379;130;26;3;0;extramural;1;130;26
380;131;8;3;0;extramural;1;131;
381;131;10;3;0;extramural;1;131;
382;131;27;7;0;extramural;1;131;
383;131;7;3;0;full-time;1;131;
384;132;4;4;1;full-time;1;132;
385;132;15;7;1;extramural;1;132;
386;132;8;3;1;extramural;1;132;
387;133;9;4;0;extramural;1;133;
388;133;15;7;1;full-time;1;133;
389;134;26;3;1;extramural;1;134;
390;134;16;7;0;full-time;1;134;
391;135;5;1;1;extramural;1;135;27
392;136;12;6;1;full-time;1;136;
393;137;9;4;1;extramural;1;137;
394;138;7;3;0;extramural;1;138;
395;138;29;3;0;extramural;1;138;
396;139;2;2;1;full-time;1;139;
397;139;24;7;0;extramural;1;139;
398;140;8;3;1;full-time;1;140;28
399;140;16;7;0;extramural;1;140;28
400;140;7;3;1;extramural;1;140;28
401;141;12;6;1;full-time;1;141;
402;142;16;7;0;full-time;1;142;
403;142;7;3;0;full-time;1;142;
404;143;9;4;1;full-time;1;143;
405;143;19;6;0;full-time;1;143;
406;143;3;3;0;extramural;1;143;
407;144;23;7;0;extramural;1;144;
408;144;29;3;0;full-time;1;144;
409;144;7;3;0;full-time;1;144;
410;144;14;7;1;extramural;1;144;
411;144;8;3;1;extramural;1;144;
412;145;17;7;1;full-time;1;145;29
413;145;27;7;0;full-time;1;145;29
414;145;5;3;1;full-time;1;145;29
415;146;15;7;0;extramural;1;146;
416;146;21;7;1;extramural;1;146;
417;146;18;6;1;extramural;1;146;
418;146;22;7;1;full-time;1;146;
419;146;9;4;0;extramural;1;146;
420;147;27;7;0;full-time;1;147;
421;147;16;7;0;full-time;1;147;
422;147;13;3;0;full-time;1;147;
423;148;18;6;1;full-time;1;148;
424;148;14;7;0;full-time;1;148;
425;148;13;3;0;extramural;1;148;
426;148;29;3;0;full-time;1;148;
427;148;16;7;1;full-time;1;148;
428;149;10;3;0;full-time;1;149;
429;150;5;3;0;full-time;1;150;3
430;150;25;7;1;full-time;1;150;3
431;151;15;7;0;extramural;1;151;
432;151;8;3;0;extramural;1;151;
433;152;16;7;1;full-time;1;152;
434;153;19;6;1;extramural;1;153;
435;153;4;3;1;extramural;1;153;
436;153;20;7;1;extramural;1;153;
437;154;25;7;1;full-time;1;154;
438;154;20;7;0;full-time;1;154;
439;154;21;7;1;full-time;1;154;
440;154;13;3;1;extramural;1;154;
441;154;4;4;1;full-time;1;154;
442;155;13;3;0;full-time;1;155;31
443;155;5;1;0;full-time;1;155;31
444;155;11;3;1;full-time;1;155;31
445;155;29;3;0;full-time;1;155;31
446;155;15;7;1;extramural;1;155;31
447;156;3;3;0;extramural;1;156;
448;157;16;7;0;extramural;1;157;
449;157;5;1;1;extramural;1;157;
450;157;27;7;0;extramural;1;157;
451;158;12;6;1;extramural;1;158;
452;158;21;7;0;full-time;1;158;
453;159;12;6;1;full-time;1;159;
454;159;1;1;1;full-time;1;159;
455;159;15;7;0;full-time;1;159;
456;160;27;7;0;full-time;1;160;32
457;160;3;3;1;full-time;1;160;32
458;160;2;3;0;extramural;1;160;32
459;161;22;7;0;extramural;1;161;
460;161;14;7;0;full-time;1;161;
461;161;1;1;1;full-time;1;161;
462;161;17;7;0;extramural;1;161;
463;161;28;6;1;full-time;1;161;
464;162;11;3;0;full-time;1;162;
465;162;13;3;1;extramural;1;162;
466;162;26;3;0;extramural;1;162;
467;162;10;3;0;full-time;1;162;
468;163;18;6;0;extramural;1;163;
469;163;14;7;0;full-time;1;163;
470;163;16;7;1;extramural;1;163;
471;164;9;4;1;full-time;1;164;
472;164;20;7;1;extramural;1;164;
473;164;10;3;1;full-time;1;164;
474;164;8;3;1;extramural;1;164;
475;164;19;6;1;extramural;1;164;
476;165;17;7;0;full-time;1;165;33
477;166;12;6;1;extramural;1;166;
478;166;23;7;1;extramural;1;166;
479;167;6;5;1;full-time;1;167;
480;168;8;3;1;extramural;1;168;
481;168;7;3;0;extramural;1;168;
482;169;2;3;0;extramural;1;169;
483;169;5;1;1;extramural;1;169;
484;169;4;3;0;full-time;1;169;
485;169;24;7;0;extramural;1;169;
486;170;6;5;1;full-time;1;170;34
487;170;25;7;0;full-time;1;170;34
488;170;28;6;0;full-time;1;170;34
489;170;20;7;0;full-time;1;170;34
490;170;26;3;1;extramural;1;170;34
491;171;22;7;0;extramural;1;171;
492;171;14;7;1;extramural;1;171;
493;171;25;7;0;full-time;1;171;
494;171;17;7;0;extramural;1;171;
495;171;28;6;1;extramural;1;171;
496;172;4;4;0;extramural;1;172;
497;172;13;3;0;full-time;1;172;
498;172;23;7;1;full-time;1;172;
499;173;17;7;0;full-time;1;173;
500;173;24;7;1;extramural;1;173;
501;173;25;7;1;full-time;1;173;
502;173;13;3;1;full-time;1;173;
503;174;23;7;0;extramural;1;174;
504;174;14;7;1;extramural;1;174;
505;175;15;7;0;extramural;1;175;35
506;175;22;7;1;extramural;1;175;35
507;175;27;7;1;extramural;1;175;35
508;175;25;7;0;extramural;1;175;35
509;175;11;3;1;full-time;1;175;35
510;176;3;3;0;extramural;1;176;
511;176;1;3;1;extramural;1;176;
512;177;20;7;1;extramural;1;177;
513;177;23;7;0;full-time;1;177;
514;178;9;4;0;extramural;1;178;
515;178;16;7;0;full-time;1;178;
516;178;17;7;1;full-time;1;178;
517;178;6;5;0;full-time;1;178;
518;178;8;3;1;full-time;1;178;
519;179;21;7;1;extramural;1;179;
520;179;22;7;1;extramural;1;179;
521;180;13;3;1;full-time;1;180;36
522;180;20;7;0;extramural;1;180;36
523;181;25;7;0;extramural;1;181;
524;181;5;1;1;full-time;1;181;
525;181;26;3;0;full-time;1;181;
526;181;4;4;0;extramural;1;181;
527;182;12;6;1;full-time;1;182;
528;182;29;3;0;full-time;1;182;
529;182;3;3;1;full-time;1;182;
530;183;5;3;1;full-time;1;183;
531;183;18;6;1;full-time;1;183;
532;183;16;7;1;extramural;1;183;
533;183;6;5;1;full-time;1;183;
534;184;2;3;1;full-time;1;184;
535;184;23;7;0;full-time;1;184;
536;184;10;3;1;extramural;1;184;
537;184;15;7;1;extramural;1;184;
538;185;21;7;1;extramural;1;185;37
539;185;5;1;0;extramural;1;185;37
540;185;11;3;0;extramural;1;185;37
541;185;26;3;1;full-time;1;185;37
542;186;10;3;0;full-time;1;186;
543;186;7;3;1;extramural;1;186;
544;186;3;3;0;full-time;1;186;
545;186;4;4;1;full-time;1;186;
546;186;18;6;1;full-time;1;186;
547;187;6;5;0;extramural;1;187;
548;187;21;7;0;extramural;1;187;
549;188;1;3;0;full-time;1;188;
550;189;15;7;0;extramural;1;189;
551;189;26;3;1;extramural;1;189;
552;190;3;3;1;extramural;1;190;38
553;191;3;3;0;full-time;1;191;
554;191;2;3;1;extramural;1;191;
555;192;4;3;1;full-time;1;192;
556;192;23;7;0;extramural;1;192;
557;193;26;3;0;extramural;1;193;
558;194;19;6;1;extramural;1;194;
559;194;6;5;1;extramural;1;194;
560;195;5;3;0;extramural;1;195;39
561;195;23;7;1;extramural;1;195;39
562;195;6;5;1;extramural;1;195;39
563;195;10;3;1;extramural;1;195;39
564;196;27;7;1;extramural;1;196;
565;197;11;3;1;extramural;1;197;
566;197;15;7;1;extramural;1;197;
567;197;29;3;1;extramural;1;197;
568;197;24;7;0;full-time;1;197;
569;197;26;3;1;full-time;1;197;
570;198;10;3;0;extramural;1;198;
571;198;22;7;1;extramural;1;198;
572;198;25;7;1;extramural;1;198;
573;198;17;7;1;full-time;1;198;
574;198;20;7;1;extramural;1;198;
575;199;2;2;1;extramural;1;199;
576;199;7;3;0;extramural;1;199;
577;200;1;1;0;extramural;1;200;4
578;200;26;3;0;extramural;1;200;4
579;200;27;7;0;full-time;1;200;4
580;200;10;3;0;extramural;1;200;4
581;200;5;1;0;full-time;1;200;4
582;201;13;3;0;full-time;1;201;
583;201;22;7;1;extramural;1;201;
584;201;7;3;1;full-time;1;201;
585;202;7;3;1;extramural;1;202;
586;202;8;3;0;extramural;1;202;
587;202;19;6;0;full-time;1;202;
588;202;13;3;1;extramural;1;202;
589;203;7;3;1;full-time;1;203;
590;203;4;4;0;full-time;1;203;
591;203;15;7;0;extramural;1;203;
592;203;5;3;1;extramural;1;203;
593;204;13;3;0;extramural;1;204;
594;204;21;7;1;extramural;1;204;
595;204;6;5;0;extramural;1;204;
596;204;26;3;0;full-time;1;204;
597;204;12;6;1;full-time;1;204;
598;205;26;3;0;full-time;1;205;41
599;205;23;7;0;extramural;1;205;41
600;205;24;7;1;full-time;1;205;41
601;206;15;7;0;extramural;1;206;
602;206;6;5;1;full-time;1;206;
603;206;28;6;0;extramural;1;206;
604;206;11;3;0;full-time;1;206;
605;206;8;3;1;extramural;1;206;
606;207;1;1;1;extramural;1;207;
607;207;24;7;1;extramural;1;207;
608;207;14;7;1;extramural;1;207;
609;208;19;6;0;extramural;1;208;
610;208;29;3;1;full-time;1;208;
611;208;11;3;0;full-time;1;208;
612;208;12;6;0;full-time;1;208;
613;208;20;7;0;extramural;1;208;
614;209;2;2;0;extramural;1;209;
615;209;15;7;0;full-time;1;209;
616;210;14;7;1;full-time;1;210;42
617;210;2;3;1;full-time;1;210;42
618;211;25;7;0;full-time;1;211;
619;211;8;3;1;extramural;1;211;
620;212;6;5;1;full-time;1;212;
621;212;10;3;1;full-time;1;212;
622;213;13;3;0;extramural;1;213;
623;213;25;7;0;full-time;1;213;
624;213;1;3;0;full-time;1;213;
625;213;19;6;0;full-time;1;213;
626;214;29;3;0;full-time;1;214;
627;214;6;5;0;extramural;1;214;
628;214;4;4;0;extramural;1;214;
629;215;11;3;0;extramural;1;215;43
630;215;5;3;0;extramural;1;215;43
631;215;3;3;0;full-time;1;215;43
632;215;14;7;0;full-time;1;215;43
633;216;5;1;0;full-time;1;216;
634;216;23;7;1;full-time;1;216;
635;217;11;3;1;extramural;1;217;
636;218;25;7;0;full-time;1;218;
637;219;5;1;1;extramural;1;219;
638;220;1;1;1;extramural;1;220;44
639;221;25;7;1;full-time;1;221;
640;222;11;3;0;extramural;1;222;
641;222;27;7;0;extramural;1;222;
642;222;29;3;1;full-time;1;222;
643;222;18;6;0;full-time;1;222;
644;222;10;3;0;full-time;1;222;
645;223;8;3;0;full-time;1;223;
646;224;23;7;0;full-time;1;224;
647;225;27;7;0;extramural;1;225;45
648;225;4;4;0;full-time;1;225;45
649;226;6;5;1;extramural;1;226;
650;227;7;3;1;extramural;1;227;
651;227;8;3;0;full-time;1;227;
652;227;10;3;1;full-time;1;227;
653;227;4;4;1;full-time;1;227;
654;227;24;7;0;extramural;1;227;
655;228;15;7;0;extramural;1;228;
656;229;1;1;1;full-time;1;229;
657;229;21;7;0;extramural;1;229;
658;229;20;7;1;full-time;1;229;
659;229;13;3;0;full-time;1;229;
660;230;10;3;1;extramural;1;230;46
661;230;3;3;0;extramural;1;230;46
662;231;17;7;1;full-time;1;231;
663;231;26;3;1;extramural;1;231;
664;231;14;7;1;extramural;1;231;
665;232;13;3;1;extramural;1;232;
666;232;25;7;1;full-time;1;232;
667;233;17;7;1;extramural;1;233;
668;234;28;6;1;extramural;1;234;
669;235;23;7;1;extramural;1;235;47
670;235;14;7;0;extramural;1;235;47
671;235;2;2;1;extramural;1;235;47
672;236;9;4;0;extramural;1;236;
673;236;17;7;0;extramural;1;236;
674;237;27;7;1;extramural;1;237;
675;237;1;3;0;extramural;1;237;
676;237;16;7;0;extramural;1;237;
677;237;17;7;0;extramural;1;237;
678;237;28;6;1;full-time;1;237;
679;238;17;7;0;full-time;1;238;
680;239;3;3;1;full-time;1;239;
681;239;21;7;0;full-time;1;239;
682;239;2;3;0;extramural;1;239;
683;239;18;6;0;full-time;1;239;
684;239;20;7;1;extramural;1;239;
685;240;29;3;1;extramural;1;240;48
686;241;1;3;1;extramural;1;241;
687;241;16;7;0;full-time;1;241;
688;241;28;6;1;extramural;1;241;
689;242;18;6;1;extramural;1;242;
690;242;26;3;1;extramural;1;242;
691;242;19;6;0;extramural;1;242;
692;242;4;3;0;full-time;1;242;
693;243;10;3;0;full-time;1;243;
694;243;6;5;0;extramural;1;243;
695;244;20;7;0;extramural;1;244;
696;244;5;1;0;extramural;1;244;
697;245;19;6;0;full-time;1;245;49
698;245;15;7;1;full-time;1;245;49
699;246;1;3;1;full-time;1;246;
700;247;9;4;0;extramural;1;247;
701;247;29;3;1;full-time;1;247;
702;247;22;7;1;full-time;1;247;
703;247;11;3;0;extramural;1;247;
704;247;25;7;0;extramural;1;247;
705;248;11;3;1;extramural;1;248;
706;248;3;3;0;full-time;1;248;
707;248;19;6;1;full-time;1;248;
708;248;24;7;1;extramural;1;248;
709;249;2;3;0;full-time;1;249;
710;249;16;7;0;full-time;1;249;
711;250;27;7;1;full-time;1;250;5
712;250;7;3;0;extramural;1;250;5
713;251;26;3;1;full-time;1;251;
714;251;3;3;1;extramural;1;251;
715;251;25;7;1;full-time;1;251;
716;252;6;5;0;extramural;1;252;
717;253;19;6;1;full-time;1;253;
718;253;16;7;0;extramural;1;253;
719;253;9;4;1;extramural;1;253;
720;254;4;4;1;extramural;1;254;
721;255;6;5;0;extramural;1;255;51
722;255;23;7;0;extramural;1;255;51
723;255;2;3;0;extramural;1;255;51
724;256;4;3;0;extramural;1;256;
725;256;17;7;0;full-time;1;256;
726;256;10;3;1;full-time;1;256;
727;257;5;3;1;full-time;1;257;
728;257;15;7;1;full-time;1;257;
729;257;17;7;0;full-time;1;257;
730;258;26;3;0;full-time;1;258;
731;259;11;3;1;extramural;1;259;
732;259;8;3;0;extramural;1;259;
733;259;21;7;1;full-time;1;259;
734;259;1;1;1;extramural;1;259;
735;259;15;7;0;full-time;1;259;
736;260;3;3;0;full-time;1;260;52
737;260;10;3;0;full-time;1;260;52
738;260;9;4;0;full-time;1;260;52
739;261;23;7;0;full-time;1;261;
740;261;28;6;1;extramural;1;261;
741;261;24;7;0;extramural;1;261;
742;261;6;5;0;full-time;1;261;
743;262;8;3;1;full-time;1;262;
744;262;4;4;1;extramural;1;262;
745;263;17;7;0;extramural;1;263;
746;263;24;7;0;full-time;1;263;
747;264;21;7;1;extramural;1;264;
748;264;13;3;0;extramural;1;264;
749;264;8;3;1;extramural;1;264;
750;264;4;4;1;full-time;1;264;
751;265;22;7;1;extramural;1;265;53
752;266;4;3;0;full-time;1;266;
753;266;10;3;0;extramural;1;266;
754;266;25;7;1;full-time;1;266;
755;267;18;6;0;extramural;1;267;
756;267;22;7;1;extramural;1;267;
757;267;4;4;0;full-time;1;267;
758;267;17;7;1;full-time;1;267;
759;268;10;3;0;extramural;1;268;
760;269;25;7;0;extramural;1;269;
761;269;9;4;0;extramural;1;269;
762;269;4;4;1;extramural;1;269;
763;270;3;3;0;full-time;1;270;54
764;270;12;6;0;full-time;1;270;54
765;270;26;3;1;full-time;1;270;54
766;270;7;3;0;extramural;1;270;54
767;271;29;3;0;full-time;1;271;
768;271;17;7;1;extramural;1;271;
769;272;23;7;0;full-time;1;272;
770;273;15;7;1;full-time;1;273;
771;273;20;7;0;full-time;1;273;
772;274;22;7;1;extramural;1;274;
773;274;7;3;0;extramural;1;274;
774;274;3;3;1;extramural;1;274;
775;274;19;6;1;extramural;1;274;
776;275;10;3;0;extramural;1;275;55
777;275;20;7;0;full-time;1;275;55
778;275;6;5;1;extramural;1;275;55
779;276;27;7;1;full-time;1;276;
780;277;27;7;1;full-time;1;277;
781;277;7;3;0;full-time;1;277;
782;277;16;7;1;extramural;1;277;
783;277;25;7;0;extramural;1;277;
784;278;10;3;0;full-time;1;278;
785;278;6;5;0;full-time;1;278;
786;278;22;7;0;full-time;1;278;
787;278;26;3;0;extramural;1;278;
788;278;5;1;0;full-time;1;278;
789;279;21;7;0;full-time;1;279;
790;280;19;6;0;extramural;1;280;56
791;281;17;7;1;full-time;1;281;
792;281;2;2;1;full-time;1;281;
793;282;20;7;0;full-time;1;282;
794;282;14;7;1;extramural;1;282;
795;282;15;7;0;full-time;1;282;
796;282;1;1;0;full-time;1;282;
797;282;23;7;0;full-time;1;282;
798;283;27;7;0;full-time;1;283;
799;284;5;3;0;extramural;1;284;
800;285;8;3;0;full-time;1;285;57
801;285;19;6;1;extramural;1;285;57
802;286;22;7;1;extramural;1;286;
803;286;10;3;0;extramural;1;286;
804;286;11;3;1;full-time;1;286;
805;286;15;7;1;extramural;1;286;
806;287;27;7;0;extramural;1;287;
807;288;21;7;0;extramural;1;288;
808;288;18;6;1;extramural;1;288;
809;288;14;7;1;extramural;1;288;
810;288;15;7;0;extramural;1;288;
811;288;25;7;0;extramural;1;288;
812;289;8;3;1;extramural;1;289;
813;289;16;7;1;extramural;1;289;
814;289;28;6;0;extramural;1;289;
815;290;25;7;1;full-time;1;290;58
816;290;15;7;1;full-time;1;290;58
817;291;27;7;0;full-time;1;291;
818;291;14;7;1;full-time;1;291;
819;291;21;7;1;extramural;1;291;
820;291;16;7;0;full-time;1;291;
821;292;25;7;0;full-time;1;292;
822;293;15;7;0;extramural;1;293;
823;293;23;7;0;extramural;1;293;
824;294;24;7;1;full-time;1;294;
825;294;8;3;1;full-time;1;294;
826;295;11;3;1;full-time;1;295;59
827;296;1;1;0;extramural;1;296;
828;296;2;3;1;full-time;1;296;
829;297;29;3;1;full-time;1;297;
830;297;11;3;1;extramural;1;297;
831;297;14;7;0;full-time;1;297;
832;298;16;7;0;full-time;1;298;
833;298;12;6;0;extramural;1;298;
834;298;22;7;0;extramural;1;298;
835;299;16;7;1;full-time;1;299;
836;299;19;6;0;extramural;1;299;
837;299;3;3;0;extramural;1;299;
838;299;28;6;0;extramural;1;299;
839;299;24;7;1;extramural;1;299;
840;300;11;3;0;full-time;1;300;6
841;301;15;7;0;full-time;1;301;
842;302;19;6;0;full-time;1;302;
843;302;15;7;0;full-time;1;302;
844;302;6;5;0;extramural;1;302;
845;303;9;4;1;extramural;1;303;
846;303;20;7;1;full-time;1;303;
847;303;23;7;1;extramural;1;303;
848;303;18;6;0;full-time;1;303;
849;304;3;3;1;full-time;1;304;
850;304;27;7;0;full-time;1;304;
851;304;28;6;1;full-time;1;304;
852;304;2;2;0;extramural;1;304;
853;304;5;3;0;extramural;1;304;
854;305;6;5;1;extramural;1;305;61
855;305;5;3;1;extramural;1;305;61
856;305;4;3;0;full-time;1;305;61
857;305;23;7;0;extramural;1;305;61
858;306;21;7;0;full-time;1;306;
859;306;22;7;0;extramural;1;306;
860;306;4;3;0;full-time;1;306;
861;307;23;7;0;extramural;1;307;
862;307;2;3;0;full-time;1;307;
863;307;6;5;0;full-time;1;307;
864;308;27;7;0;full-time;1;308;
865;308;5;3;0;full-time;1;308;
866;308;26;3;0;full-time;1;308;
867;308;14;7;0;extramural;1;308;
868;309;15;7;1;extramural;1;309;
869;310;3;3;0;extramural;1;310;62
870;310;27;7;0;full-time;1;310;62
871;311;15;7;0;full-time;1;311;
872;312;9;4;1;full-time;1;312;
873;312;25;7;0;extramural;1;312;
874;312;21;7;1;extramural;1;312;
875;312;20;7;0;full-time;1;312;
876;312;12;6;0;extramural;1;312;
877;313;4;4;1;extramural;1;313;
878;313;17;7;1;extramural;1;313;
879;313;5;1;0;extramural;1;313;
880;314;28;6;1;full-time;1;314;
881;314;21;7;0;extramural;1;314;
882;315;11;3;0;extramural;1;315;63
883;315;1;3;1;full-time;1;315;63
884;315;2;2;0;extramural;1;315;63
885;315;21;7;1;full-time;1;315;63
886;316;19;6;0;extramural;1;316;
887;316;21;7;0;full-time;1;316;
888;317;8;3;1;extramural;1;317;
889;317;6;5;0;full-time;1;317;
890;317;15;7;0;full-time;1;317;
891;317;2;3;1;extramural;1;317;
892;318;5;3;1;extramural;1;318;
893;318;3;3;1;full-time;1;318;
894;319;3;3;1;extramural;1;319;
895;319;25;7;0;full-time;1;319;
896;320;28;6;1;extramural;1;320;64
897;320;10;3;0;extramural;1;320;64
898;320;15;7;1;extramural;1;320;64
899;321;23;7;1;extramural;1;321;
900;321;14;7;1;full-time;1;321;
901;321;24;7;1;extramural;1;321;
902;322;25;7;1;full-time;1;322;
903;322;11;3;0;extramural;1;322;
904;322;1;3;0;full-time;1;322;
905;323;12;6;0;extramural;1;323;
906;323;28;6;0;extramural;1;323;
907;324;2;2;1;extramural;1;324;
908;325;10;3;0;full-time;1;325;65
909;325;18;6;1;full-time;1;325;65
910;325;8;3;0;extramural;1;325;65
911;326;22;7;1;extramural;1;326;
912;326;16;7;1;extramural;1;326;
913;326;21;7;0;full-time;1;326;
914;327;15;7;1;full-time;1;327;
915;327;4;3;0;extramural;1;327;
916;327;5;1;0;extramural;1;327;
917;328;14;7;0;extramural;1;328;
918;329;1;3;1;full-time;1;329;
919;330;26;3;1;extramural;1;330;66
920;330;24;7;0;extramural;1;330;66
921;330;18;6;1;full-time;1;330;66
922;331;22;7;1;extramural;1;331;
923;331;16;7;1;full-time;1;331;
924;331;4;3;0;extramural;1;331;
925;332;28;6;1;extramural;1;332;
926;333;15;7;1;extramural;1;333;
927;333;25;7;1;full-time;1;333;
928;334;16;7;0;full-time;1;334;
929;334;4;3;0;full-time;1;334;
930;335;2;3;0;extramural;1;335;67
931;336;1;1;1;full-time;1;336;
932;337;29;3;1;full-time;1;337;
933;337;27;7;1;extramural;1;337;
934;337;4;3;1;full-time;1;337;
935;337;10;3;0;extramural;1;337;
936;338;7;3;0;extramural;1;338;
937;338;26;3;1;full-time;1;338;
938;339;23;7;0;extramural;1;339;
939;339;19;6;0;full-time;1;339;
940;339;6;5;0;extramural;1;339;
941;340;28;6;1;full-time;1;340;68
942;340;25;7;0;extramural;1;340;68
943;340;9;4;1;extramural;1;340;68
944;341;6;5;1;full-time;1;341;
945;341;21;7;0;extramural;1;341;
946;342;6;5;1;full-time;1;342;
947;342;29;3;0;full-time;1;342;
948;342;22;7;0;full-time;1;342;
949;343;18;6;1;full-time;1;343;
950;343;23;7;0;full-time;1;343;
951;343;29;3;0;extramural;1;343;
952;343;12;6;1;extramural;1;343;
953;343;6;5;1;extramural;1;343;
954;344;19;6;1;full-time;1;344;
955;344;11;3;0;extramural;1;344;
956;344;17;7;0;extramural;1;344;
957;344;18;6;0;full-time;1;344;
958;345;25;7;0;extramural;1;345;69
959;345;21;7;0;full-time;1;345;69
960;345;7;3;0;extramural;1;345;69
961;345;6;5;0;full-time;1;345;69
962;346;27;7;1;extramural;1;346;
963;346;11;3;1;extramural;1;346;
964;346;26;3;1;full-time;1;346;
965;346;14;7;0;extramural;1;346;
966;347;19;6;1;extramural;1;347;
967;347;8;3;0;full-time;1;347;
968;347;20;7;0;full-time;1;347;
969;347;22;7;0;full-time;1;347;
970;348;2;3;1;full-time;1;348;
971;348;4;3;1;extramural;1;348;
972;348;8;3;0;extramural;1;348;
973;349;10;3;0;extramural;1;349;
974;349;23;7;1;extramural;1;349;
975;349;27;7;1;extramural;1;349;
976;349;26;3;0;full-time;1;349;
977;350;2;3;1;full-time;1;350;7
978;350;14;7;0;full-time;1;350;7
979;350;6;5;0;extramural;1;350;7
980;350;20;7;1;extramural;1;350;7
981;350;15;7;1;full-time;1;350;7
982;351;11;3;1;full-time;1;351;
983;351;2;2;0;extramural;1;351;
984;351;21;7;1;full-time;1;351;
985;352;15;7;0;full-time;1;352;
986;352;3;3;1;full-time;1;352;
987;352;10;3;1;full-time;1;352;
988;352;2;2;1;full-time;1;352;
989;352;20;7;1;extramural;1;352;
990;353;4;3;0;extramural;1;353;
991;353;23;7;0;extramural;1;353;
992;353;25;7;1;full-time;1;353;
993;354;26;3;0;extramural;1;354;
994;354;29;3;0;full-time;1;354;
995;354;17;7;0;extramural;1;354;
996;354;10;3;1;full-time;1;354;
997;354;28;6;1;full-time;1;354;
998;355;3;3;1;extramural;1;355;71
999;355;5;3;0;full-time;1;355;71
1000;355;19;6;1;extramural;1;355;71
1001;355;15;7;1;extramural;1;355;71
1002;356;28;6;1;full-time;1;356;
1003;356;20;7;0;full-time;1;356;
1004;356;23;7;1;extramural;1;356;
1005;357;12;6;0;extramural;1;357;
1006;357;21;7;0;extramural;1;357;
1007;357;27;7;1;full-time;1;357;
1008;357;19;6;0;full-time;1;357;
1009;357;1;3;1;full-time;1;357;
1010;358;19;6;0;extramural;1;358;
1011;358;7;3;1;extramural;1;358;
1012;358;1;3;0;full-time;1;358;
1013;359;29;3;1;full-time;1;359;
1014;360;12;6;1;extramural;1;360;72
1015;360;4;3;1;extramural;1;360;72
1016;360;26;3;0;extramural;1;360;72
1017;361;12;6;0;full-time;1;361;
1018;361;3;3;0;full-time;1;361;
1019;361;6;5;0;extramural;1;361;
1020;361;15;7;0;full-time;1;361;
1021;362;24;7;1;extramural;1;362;
1022;362;16;7;0;full-time;1;362;
1023;362;19;6;1;extramural;1;362;
1024;362;28;6;0;full-time;1;362;
1025;362;26;3;1;extramural;1;362;
1026;363;13;3;0;full-time;1;363;
1027;363;21;7;0;extramural;1;363;
1028;363;27;7;1;full-time;1;363;
1029;363;7;3;1;extramural;1;363;
1030;364;7;3;1;full-time;1;364;
1031;364;14;7;0;full-time;1;364;
1032;365;15;7;1;full-time;1;365;73
1033;365;28;6;1;full-time;1;365;73
1034;365;4;4;1;extramural;1;365;73
1035;366;8;3;0;full-time;1;366;
1036;366;20;7;1;extramural;1;366;
1037;366;15;7;1;full-time;1;366;
1038;366;16;7;0;extramural;1;366;
1039;366;5;3;0;full-time;1;366;
1040;367;17;7;0;full-time;1;367;
1041;368;23;7;1;full-time;1;368;
1042;368;14;7;0;extramural;1;368;
1043;368;2;2;1;full-time;1;368;
1044;368;10;3;1;full-time;1;368;
1045;369;10;3;0;extramural;1;369;
1046;369;8;3;0;extramural;1;369;
1047;369;15;7;0;extramural;1;369;
1048;370;8;3;0;extramural;1;370;74
1049;371;28;6;0;full-time;1;371;
1050;371;21;7;0;full-time;1;371;
1051;372;29;3;0;full-time;1;372;
1052;372;13;3;0;full-time;1;372;
1053;372;19;6;1;full-time;1;372;
1054;373;20;7;0;full-time;1;373;
1055;373;28;6;1;full-time;1;373;
1056;374;29;3;1;extramural;1;374;
1057;374;12;6;1;extramural;1;374;
1058;375;15;7;1;full-time;1;375;75
1059;375;9;4;0;extramural;1;375;75
1060;375;5;1;0;extramural;1;375;75
1061;376;16;7;0;extramural;1;376;
1062;376;23;7;1;full-time;1;376;
1063;376;17;7;1;full-time;1;376;
1064;376;6;5;0;full-time;1;376;
1065;376;15;7;0;full-time;1;376;
1066;377;26;3;1;full-time;1;377;
1067;377;6;5;0;full-time;1;377;
1068;377;1;1;1;full-time;1;377;
1069;377;9;4;1;full-time;1;377;
1070;377;14;7;0;extramural;1;377;
1071;378;10;3;1;full-time;1;378;
1072;378;21;7;0;extramural;1;378;
1073;379;16;7;0;extramural;1;379;
1074;380;27;7;0;full-time;1;380;76
1075;380;10;3;1;extramural;1;380;76
1076;380;13;3;0;full-time;1;380;76
1077;380;25;7;1;full-time;1;380;76
1078;380;12;6;0;full-time;1;380;76
1079;381;3;3;1;extramural;1;381;
1080;381;7;3;0;extramural;1;381;
1081;381;4;3;1;extramural;1;381;
1082;381;28;6;1;full-time;1;381;
1083;382;22;7;0;extramural;1;382;
1084;382;16;7;0;extramural;1;382;
1085;382;25;7;0;full-time;1;382;
1086;383;10;3;0;full-time;1;383;
1087;383;20;7;1;extramural;1;383;
1088;383;14;7;0;extramural;1;383;
1089;383;2;2;0;full-time;1;383;
1090;383;29;3;0;full-time;1;383;
1091;384;16;7;1;full-time;1;384;
1092;384;7;3;1;full-time;1;384;
1093;385;11;3;0;extramural;1;385;77
1094;385;7;3;0;full-time;1;385;77
1095;385;18;6;0;extramural;1;385;77
1096;385;4;4;1;extramural;1;385;77
1097;385;9;4;0;full-time;1;385;77
1098;386;21;7;1;full-time;1;386;
1099;386;20;7;1;extramural;1;386;
1100;387;9;4;0;full-time;1;387;
1101;387;2;3;0;extramural;1;387;
1102;388;27;7;0;full-time;1;388;
1103;388;16;7;0;extramural;1;388;
1104;389;18;6;1;extramural;1;389;
1105;389;22;7;0;full-time;1;389;
1106;390;14;7;0;full-time;1;390;78
1107;391;10;3;1;extramural;1;391;
1108;392;8;3;0;full-time;1;392;
1109;392;17;7;1;full-time;1;392;
1110;392;18;6;1;extramural;1;392;
1111;393;23;7;1;full-time;1;393;
1112;393;20;7;1;full-time;1;393;
1113;393;14;7;1;extramural;1;393;
1114;394;4;4;1;full-time;1;394;
1115;394;5;1;0;extramural;1;394;
1116;394;13;3;1;extramural;1;394;
1117;394;16;7;1;full-time;1;394;
1118;395;24;7;0;extramural;1;395;79
1119;395;21;7;1;full-time;1;395;79
1120;396;15;7;0;extramural;1;396;
1121;396;5;3;0;extramural;1;396;
1122;396;13;3;1;full-time;1;396;
1123;396;28;6;1;full-time;1;396;
1124;396;26;3;1;extramural;1;396;
1125;397;7;3;1;full-time;1;397;
1126;397;25;7;0;extramural;1;397;
1127;398;17;7;0;full-time;1;398;
1128;398;22;7;1;full-time;1;398;
1129;399;23;7;0;full-time;1;399;
1130;399;11;3;1;full-time;1;399;
1131;399;4;3;1;extramural;1;399;
1132;399;10;3;0;full-time;1;399;
1133;399;3;3;1;full-time;1;399;
1134;400;15;7;0;extramural;1;400;8
1135;400;2;3;1;extramural;1;400;8
1136;400;24;7;1;full-time;1;400;8
1137;401;20;7;0;extramural;1;401;
1138;401;28;6;0;extramural;1;401;
1139;401;9;4;1;full-time;1;401;
1140;402;16;7;0;full-time;1;402;
1141;402;13;3;1;full-time;1;402;
1142;402;3;3;0;extramural;1;402;
1143;402;6;5;0;full-time;1;402;
1144;402;27;7;1;full-time;1;402;
1145;403;3;3;1;full-time;1;403;
1146;403;11;3;1;extramural;1;403;
1147;403;18;6;1;extramural;1;403;
1148;403;10;3;1;extramural;1;403;
1149;403;9;4;1;extramural;1;403;
1150;404;22;7;1;full-time;1;404;
1151;404;14;7;1;extramural;1;404;
1152;405;9;4;0;full-time;1;405;81
1153;405;5;3;0;extramural;1;405;81
1154;406;14;7;0;full-time;1;406;
1155;406;24;7;0;full-time;1;406;
1156;407;15;7;0;full-time;1;407;
1157;408;7;3;0;extramural;1;408;
1158;408;6;5;0;extramural;1;408;
1159;408;17;7;1;extramural;1;408;
1160;408;3;3;0;full-time;1;408;
1161;409;8;3;0;full-time;1;409;
1162;409;24;7;0;full-time;1;409;
1163;409;13;3;1;extramural;1;409;
1164;409;20;7;0;extramural;1;409;
1165;410;6;5;0;extramural;1;410;82
1166;410;22;7;0;full-time;1;410;82
1167;410;15;7;0;extramural;1;410;82
1168;410;19;6;0;extramural;1;410;82
1169;411;4;4;0;extramural;1;411;
1170;412;23;7;0;extramural;1;412;
1171;413;2;2;0;full-time;1;413;
1172;414;3;3;1;extramural;1;414;
1173;415;26;3;0;extramural;1;415;83
1174;415;11;3;0;extramural;1;415;83
1175;415;7;3;0;extramural;1;415;83
1176;416;9;4;0;full-time;1;416;
1177;416;26;3;0;full-time;1;416;
1178;416;17;7;0;extramural;1;416;
1179;417;23;7;0;full-time;1;417;
1180;417;10;3;1;full-time;1;417;
1181;417;27;7;0;extramural;1;417;
1182;417;21;7;0;extramural;1;417;
1183;417;26;3;0;full-time;1;417;
1184;418;3;3;0;full-time;1;418;
1185;418;26;3;0;extramural;1;418;
1186;418;22;7;1;full-time;1;418;
1187;418;21;7;0;extramural;1;418;
1188;419;10;3;1;extramural;1;419;
1189;419;24;7;1;full-time;1;419;
1190;420;13;3;0;extramural;1;420;84
1191;420;14;7;1;full-time;1;420;84
1192;421;12;6;0;full-time;1;421;
1193;421;26;3;1;full-time;1;421;
1194;422;16;7;1;full-time;1;422;
1195;422;27;7;1;full-time;1;422;
1196;422;15;7;1;extramural;1;422;
1197;423;8;3;1;full-time;1;423;
1198;423;4;4;0;extramural;1;423;
1199;423;20;7;0;full-time;1;423;
1200;423;21;7;1;extramural;1;423;
1201;423;23;7;0;extramural;1;423;
1202;424;8;3;1;extramural;1;424;
1203;424;25;7;1;full-time;1;424;
1204;425;29;3;1;extramural;1;425;85
1205;425;5;1;0;extramural;1;425;85
1206;425;11;3;1;extramural;1;425;85
1207;425;8;3;1;full-time;1;425;85
1208;425;15;7;1;extramural;1;425;85
1209;426;3;3;0;full-time;1;426;
1210;426;13;3;0;extramural;1;426;
1211;426;5;3;1;full-time;1;426;
1212;426;11;3;1;extramural;1;426;
1213;426;15;7;0;full-time;1;426;
1214;427;20;7;1;full-time;1;427;
1215;427;13;3;1;extramural;1;427;
1216;427;16;7;1;extramural;1;427;
1217;427;10;3;1;extramural;1;427;
1218;427;14;7;0;extramural;1;427;
1219;428;8;3;1;full-time;1;428;
1220;429;18;6;0;extramural;1;429;
1221;430;14;7;0;extramural;1;430;86
1222;430;15;7;0;extramural;1;430;86
1223;430;24;7;1;extramural;1;430;86
1224;430;9;4;0;full-time;1;430;86
1225;430;10;3;0;extramural;1;430;86
1226;431;10;3;0;full-time;1;431;
1227;431;16;7;1;full-time;1;431;
1228;431;5;1;1;extramural;1;431;
1229;432;10;3;1;extramural;1;432;
1230;433;20;7;0;full-time;1;433;
1231;433;19;6;0;extramural;1;433;
1232;433;16;7;0;extramural;1;433;
1233;433;28;6;0;full-time;1;433;
1234;434;21;7;0;extramural;1;434;
1235;434;5;3;1;extramural;1;434;
1236;434;24;7;0;extramural;1;434;
1237;435;24;7;1;full-time;1;435;87
1238;435;28;6;1;extramural;1;435;87
1239;435;21;7;1;full-time;1;435;87
1240;435;13;3;1;full-time;1;435;87
1241;436;20;7;1;extramural;1;436;
1242;436;4;4;0;extramural;1;436;
1243;437;14;7;1;full-time;1;437;
1244;438;6;5;1;extramural;1;438;
1245;438;22;7;1;extramural;1;438;
1246;438;28;6;1;extramural;1;438;
1247;439;10;3;0;extramural;1;439;
1248;439;6;5;0;extramural;1;439;
1249;439;24;7;0;extramural;1;439;
1250;439;11;3;0;extramural;1;439;
1251;440;15;7;0;extramural;1;440;88
1252;441;18;6;1;full-time;1;441;
1253;441;4;4;1;extramural;1;441;
1254;441;8;3;0;full-time;1;441;
1255;442;8;3;1;extramural;1;442;
1256;442;25;7;0;extramural;1;442;
1257;443;16;7;0;extramural;1;443;
1258;443;18;6;0;full-time;1;443;
1259;443;24;7;1;extramural;1;443;
1260;444;20;7;1;full-time;1;444;
1261;444;27;7;1;extramural;1;444;
1262;444;15;7;0;full-time;1;444;
1263;444;17;7;1;full-time;1;444;
1264;445;5;1;0;full-time;1;445;89
1265;446;10;3;0;extramural;1;446;
1266;447;8;3;0;extramural;1;447;
1267;447;23;7;1;extramural;1;447;
1268;447;16;7;1;extramural;1;447;
1269;447;2;3;0;full-time;1;447;
1270;447;24;7;1;full-time;1;447;
1271;448;18;6;0;extramural;1;448;
1272;448;14;7;1;full-time;1;448;
1273;448;24;7;0;full-time;1;448;
1274;449;13;3;0;full-time;1;449;
1275;450;22;7;1;full-time;1;450;9
1276;450;1;1;0;full-time;1;450;9
1277;451;14;7;1;extramural;1;451;
1278;451;24;7;0;extramural;1;451;
1279;452;26;3;1;extramural;1;452;
1280;452;16;7;1;extramural;1;452;
1281;452;19;6;0;extramural;1;452;
1282;453;28;6;1;full-time;1;453;
1283;453;13;3;1;extramural;1;453;
1284;453;23;7;0;full-time;1;453;
1285;453;9;4;0;full-time;1;453;
1286;453;11;3;0;full-time;1;453;
1287;454;11;3;1;full-time;1;454;
1288;454;7;3;0;extramural;1;454;
1289;454;8;3;1;extramural;1;454;
1290;455;20;7;0;extramural;1;455;91
1291;456;1;3;1;extramural;1;456;
1292;456;18;6;1;full-time;1;456;
1293;456;8;3;0;extramural;1;456;
1294;456;27;7;1;extramural;1;456;
1295;457;27;7;0;extramural;1;457;
1296;457;3;3;0;extramural;1;457;
1297;457;29;3;1;full-time;1;457;
1298;458;16;7;0;full-time;1;458;
1299;458;19;6;0;extramural;1;458;
1300;458;3;3;0;full-time;1;458;
1301;459;18;6;1;full-time;1;459;
1302;460;20;7;1;full-time;1;460;92
1303;461;16;7;1;extramural;1;461;
1304;462;18;6;1;full-time;1;462;
1305;462;1;1;1;full-time;1;462;
1306;462;22;7;0;full-time;1;462;
1307;462;10;3;0;extramural;1;462;
1308;462;29;3;0;full-time;1;462;
1309;463;29;3;0;extramural;1;463;
1310;464;3;3;1;full-time;1;464;
1311;464;8;3;0;full-time;1;464;
1312;464;12;6;0;full-time;1;464;
1313;464;27;7;1;extramural;1;464;
1314;464;14;7;1;extramural;1;464;
1315;465;21;7;0;extramural;1;465;93
1316;465;17;7;1;full-time;1;465;93
1317;466;20;7;0;full-time;1;466;
1318;466;24;7;1;full-time;1;466;
1319;466;18;6;0;extramural;1;466;
1320;466;6;5;0;full-time;1;466;
1321;467;27;7;0;full-time;1;467;
1322;467;15;7;0;extramural;1;467;
1323;468;10;3;1;full-time;1;468;
1324;468;11;3;0;full-time;1;468;
1325;469;13;3;0;extramural;1;469;
1326;469;25;7;1;full-time;1;469;
1327;470;22;7;0;full-time;1;470;94
1328;470;2;2;1;extramural;1;470;94
1329;471;28;6;1;full-time;1;471;
1330;471;16;7;0;extramural;1;471;
1331;471;18;6;1;extramural;1;471;
1332;472;21;7;0;extramural;1;472;
1333;472;17;7;1;full-time;1;472;
1334;472;14;7;1;full-time;1;472;
1335;472;9;4;1;full-time;1;472;
1336;472;24;7;0;extramural;1;472;
1337;473;20;7;0;extramural;1;473;
1338;473;4;4;1;extramural;1;473;
1339;473;2;3;0;extramural;1;473;
1340;473;28;6;1;extramural;1;473;
1341;474;2;3;0;extramural;1;474;
1342;474;17;7;1;full-time;1;474;
1343;474;24;7;1;extramural;1;474;
1344;475;23;7;0;full-time;1;475;95
1345;475;11;3;0;extramural;1;475;95
1346;475;20;7;0;full-time;1;475;95
1347;475;29;3;0;extramural;1;475;95
1348;475;9;4;1;extramural;1;475;95
1349;476;28;6;1;full-time;1;476;
1350;476;22;7;1;full-time;1;476;
1351;476;26;3;0;full-time;1;476;
1352;476;8;3;0;full-time;1;476;
1353;476;18;6;0;extramural;1;476;
1354;477;13;3;1;extramural;1;477;
1355;478;27;7;1;full-time;1;478;
1356;478;1;1;0;full-time;1;478;
1357;478;9;4;0;full-time;1;478;
1358;478;16;7;0;extramural;1;478;
1359;478;21;7;1;full-time;1;478;
1360;479;20;7;1;full-time;1;479;
1361;479;7;3;1;full-time;1;479;
1362;479;26;3;1;full-time;1;479;
1363;480;1;1;1;full-time;1;480;96
1364;480;15;7;0;full-time;1;480;96
1365;480;21;7;0;full-time;1;480;96
1366;481;15;7;1;extramural;1;481;
1367;481;19;6;1;full-time;1;481;
1368;481;12;6;1;extramural;1;481;
1369;481;5;1;0;full-time;1;481;
1370;482;12;6;0;full-time;1;482;
1371;482;20;7;0;full-time;1;482;
1372;483;17;7;0;full-time;1;483;
1373;483;9;4;1;extramural;1;483;
1374;484;25;7;1;extramural;1;484;
1375;484;8;3;0;extramural;1;484;
1376;485;26;3;1;full-time;1;485;97
1377;486;27;7;1;full-time;1;486;
1378;486;4;3;1;full-time;1;486;
1379;487;13;3;1;full-time;1;487;
1380;487;6;5;0;full-time;1;487;
1381;487;10;3;1;full-time;1;487;
1382;487;21;7;1;extramural;1;487;
1383;488;13;3;0;extramural;1;488;
1384;488;22;7;0;extramural;1;488;
1385;488;27;7;0;extramural;1;488;
1386;488;9;4;0;extramural;1;488;
1387;488;16;7;0;extramural;1;488;
1388;489;9;4;1;extramural;1;489;
1389;489;24;7;1;full-time;1;489;
1390;489;1;3;0;full-time;1;489;
1391;489;27;7;1;extramural;1;489;
1392;490;15;7;0;extramural;1;490;98
1393;490;7;3;0;full-time;1;490;98
1394;490;5;1;0;full-time;1;490;98
1395;491;8;3;0;full-time;1;491;
1396;491;14;7;0;extramural;1;491;
1397;492;29;3;1;full-time;1;492;
1398;493;18;6;1;extramural;1;493;
1399;493;16;7;0;extramural;1;493;
1400;493;3;3;1;extramural;1;493;
1401;493;25;7;0;extramural;1;493;
1402;494;2;3;0;full-time;1;494;
1403;494;12;6;1;extramural;1;494;
1404;494;21;7;1;full-time;1;494;
1405;494;25;7;1;full-time;1;494;
1406;495;1;1;0;extramural;1;495;99
1407;496;4;4;0;extramural;1;496;
1408;496;13;3;0;extramural;1;496;
1409;496;15;7;0;full-time;1;496;
1410;496;9;4;1;extramural;1;496;
1411;497;23;7;1;full-time;1;497;
1412;497;17;7;0;extramural;1;497;
1413;497;27;7;0;extramural;1;497;
1414;497;8;3;1;extramural;1;497;
1415;498;5;3;1;full-time;1;498;
1416;499;9;4;1;extramural;1;499;
1417;500;1;3;0;extramural;1;500;1
1418;500;15;7;1;full-time;1;500;1
1419;501;16;7;0;extramural;1;501;
1420;501;3;3;0;full-time;1;501;
1421;501;2;3;0;full-time;1;501;
1422;501;23;7;0;extramural;1;501;
1423;501;24;7;1;full-time;1;501;
1424;502;5;3;0;full-time;1;502;
1425;502;11;3;1;full-time;1;502;
1426;502;15;7;0;extramural;1;502;
1427;502;2;3;1;extramural;1;502;
1428;503;20;7;1;full-time;1;503;
1429;503;14;7;0;full-time;1;503;
1430;503;21;7;0;full-time;1;503;
1431;504;1;1;0;full-time;1;504;
1432;504;28;6;1;full-time;1;504;
1433;504;3;3;0;full-time;1;504;
1434;504;14;7;1;full-time;1;504;
1435;504;5;3;0;full-time;1;504;
1436;505;11;3;0;full-time;1;505;11
1437;505;28;6;1;extramural;1;505;11
1438;505;26;3;1;full-time;1;505;11
1439;505;8;3;1;extramural;1;505;11
1440;505;20;7;0;full-time;1;505;11
1441;506;23;7;1;full-time;1;506;
1442;506;2;2;0;extramural;1;506;
1443;507;20;7;1;full-time;1;507;
1444;507;17;7;0;full-time;1;507;
1445;507;2;3;1;extramural;1;507;
1446;508;4;3;1;extramural;1;508;
1447;508;25;7;1;full-time;1;508;
1448;508;27;7;0;extramural;1;508;
1449;508;22;7;1;extramural;1;508;
1450;508;17;7;1;full-time;1;508;
1451;509;16;7;0;extramural;1;509;
1452;510;11;3;1;full-time;1;510;12
1453;510;9;4;1;full-time;1;510;12
1454;511;28;6;0;full-time;1;511;
1455;511;16;7;1;extramural;1;511;
1456;511;19;6;0;extramural;1;511;
1457;512;16;7;0;full-time;1;512;
1458;512;9;4;0;extramural;1;512;
1459;512;4;3;0;extramural;1;512;
1460;513;2;2;1;full-time;1;513;
1461;513;10;3;1;extramural;1;513;
1462;513;21;7;0;extramural;1;513;
1463;513;25;7;0;full-time;1;513;
1464;513;24;7;1;full-time;1;513;
1465;514;20;7;1;extramural;1;514;
1466;515;10;3;0;full-time;1;515;13
1467;515;6;5;1;full-time;1;515;13
1468;515;27;7;0;full-time;1;515;13
1469;515;5;3;1;extramural;1;515;13
1470;516;29;3;0;extramural;1;516;
1471;516;12;6;1;extramural;1;516;
1472;517;2;2;1;full-time;1;517;
1473;517;7;3;1;full-time;1;517;
1474;517;21;7;0;extramural;1;517;
1475;517;22;7;0;full-time;1;517;
1476;518;4;4;1;extramural;1;518;
1477;518;13;3;1;extramural;1;518;
1478;518;26;3;1;extramural;1;518;
1479;518;8;3;1;full-time;1;518;
1480;518;12;6;0;extramural;1;518;
1481;519;14;7;0;full-time;1;519;
1482;519;11;3;1;full-time;1;519;
1483;519;23;7;0;full-time;1;519;
1484;520;29;3;1;extramural;1;520;14
1485;520;8;3;0;full-time;1;520;14
1486;520;5;3;0;full-time;1;520;14
1487;521;15;7;1;full-time;1;521;
1488;521;2;3;1;full-time;1;521;
1489;521;17;7;0;full-time;1;521;
1490;521;10;3;1;full-time;1;521;
1491;521;4;3;1;extramural;1;521;
1492;522;25;7;1;full-time;1;522;
1493;522;28;6;0;full-time;1;522;
1494;522;13;3;0;extramural;1;522;
1495;522;4;4;1;extramural;1;522;
1496;523;12;6;1;extramural;1;523;
1497;523;8;3;0;extramural;1;523;
1498;523;13;3;0;extramural;1;523;
1499;523;9;4;0;extramural;1;523;
1500;524;24;7;1;full-time;1;524;
1501;524;12;6;0;full-time;1;524;
1502;524;9;4;0;extramural;1;524;
1503;525;15;7;0;full-time;1;525;15
1504;526;1;1;0;extramural;1;526;
1505;526;9;4;1;full-time;1;526;
1506;526;8;3;1;extramural;1;526;
1507;527;23;7;0;full-time;1;527;
1508;527;3;3;1;full-time;1;527;
1509;527;19;6;0;full-time;1;527;
1510;527;11;3;1;extramural;1;527;
1511;527;22;7;0;extramural;1;527;
1512;528;17;7;1;extramural;1;528;
1513;528;6;5;1;full-time;1;528;
1514;528;19;6;1;full-time;1;528;
1515;529;4;3;0;extramural;1;529;
1516;529;18;6;0;full-time;1;529;
1517;529;9;4;1;extramural;1;529;
1518;529;2;2;0;full-time;1;529;
1519;530;5;1;1;extramural;1;530;16
1520;530;10;3;0;full-time;1;530;16
1521;531;23;7;0;full-time;1;531;
1522;531;12;6;1;full-time;1;531;
1523;531;6;5;0;full-time;1;531;
1524;531;1;1;1;full-time;1;531;
1525;532;3;3;0;extramural;1;532;
1526;533;21;7;0;full-time;1;533;
1527;533;8;3;1;extramural;1;533;
1528;534;21;7;1;full-time;1;534;
1529;534;7;3;1;full-time;1;534;
1530;534;3;3;1;extramural;1;534;
1531;534;24;7;1;extramural;1;534;
1532;535;3;3;1;full-time;1;535;17
1533;535;28;6;1;full-time;1;535;17
1534;535;23;7;1;extramural;1;535;17
1535;535;5;1;1;full-time;1;535;17
1536;535;1;1;0;extramural;1;535;17
1537;536;5;1;0;extramural;1;536;
1538;536;19;6;0;full-time;1;536;
1539;536;13;3;0;extramural;1;536;
1540;537;1;3;1;extramural;1;537;
1541;537;2;2;0;extramural;1;537;
1542;537;5;3;0;extramural;1;537;
1543;537;9;4;0;extramural;1;537;
1544;537;11;3;0;extramural;1;537;
1545;538;1;3;1;extramural;1;538;
1546;539;11;3;0;extramural;1;539;
1547;539;19;6;0;extramural;1;539;
1548;540;9;4;1;extramural;1;540;18
1549;540;2;3;0;full-time;1;540;18
1550;540;28;6;1;full-time;1;540;18
1551;540;12;6;0;extramural;1;540;18
1552;540;27;7;1;extramural;1;540;18
1553;541;2;2;0;full-time;1;541;
1554;541;22;7;0;extramural;1;541;
1555;541;3;3;1;extramural;1;541;
1556;542;2;3;1;full-time;1;542;
1557;542;27;7;0;full-time;1;542;
1558;542;29;3;0;extramural;1;542;
1559;543;21;7;0;extramural;1;543;
1560;543;16;7;0;full-time;1;543;
1561;543;19;6;1;full-time;1;543;
1562;543;22;7;1;extramural;1;543;
1563;543;15;7;1;full-time;1;543;
1564;544;4;4;1;extramural;1;544;
1565;545;14;7;1;full-time;1;545;19
1566;546;4;4;0;extramural;1;546;
1567;546;2;2;0;full-time;1;546;
1568;547;28;6;1;full-time;1;547;
1569;547;13;3;0;full-time;1;547;
1570;548;7;3;1;full-time;1;548;
1571;548;17;7;0;full-time;1;548;
1572;548;16;7;0;full-time;1;548;
1573;548;11;3;0;extramural;1;548;
1574;548;9;4;1;full-time;1;548;
1575;549;8;3;0;extramural;1;549;
1576;549;19;6;1;extramural;1;549;
1577;549;29;3;0;extramural;1;549;
1578;550;8;3;1;full-time;1;550;11
1579;550;11;3;0;full-time;1;550;11
1580;551;2;3;1;full-time;1;551;
1581;551;19;6;0;full-time;1;551;
1582;552;24;7;1;extramural;1;552;
1583;552;14;7;0;extramural;1;552;
1584;552;22;7;0;extramural;1;552;
1585;552;21;7;1;full-time;1;552;
1586;552;18;6;1;extramural;1;552;
1587;553;22;7;1;extramural;1;553;
1588;553;2;3;0;extramural;1;553;
1589;553;24;7;1;extramural;1;553;
1590;553;28;6;0;extramural;1;553;
1591;554;19;6;1;extramural;1;554;
1592;555;26;3;0;full-time;1;555;111
1593;556;3;3;0;extramural;1;556;
1594;557;25;7;1;full-time;1;557;
1595;557;4;3;1;full-time;1;557;
1596;557;24;7;1;full-time;1;557;
1597;558;24;7;0;full-time;1;558;
1598;558;22;7;0;extramural;1;558;
1599;558;9;4;0;extramural;1;558;
1600;559;23;7;1;full-time;1;559;
1601;559;10;3;0;extramural;1;559;
1602;560;18;6;0;full-time;1;560;112
1603;560;24;7;1;extramural;1;560;112
1604;561;14;7;0;full-time;1;561;
1605;561;22;7;1;extramural;1;561;
1606;562;29;3;0;extramural;1;562;
1607;562;18;6;0;full-time;1;562;
1608;563;29;3;1;extramural;1;563;
1609;563;10;3;1;extramural;1;563;
1610;563;25;7;1;full-time;1;563;
1611;563;23;7;1;extramural;1;563;
1612;564;21;7;0;full-time;1;564;
1613;564;2;2;0;extramural;1;564;
1614;565;6;5;0;extramural;1;565;113
1615;566;5;3;0;full-time;1;566;
1616;566;19;6;1;full-time;1;566;
1617;566;22;7;1;full-time;1;566;
1618;567;5;3;0;extramural;1;567;
1619;568;15;7;1;extramural;1;568;
1620;568;19;6;1;extramural;1;568;
1621;568;13;3;0;full-time;1;568;
1622;569;25;7;0;extramural;1;569;
1623;570;5;3;0;extramural;1;570;114
1624;570;12;6;1;extramural;1;570;114
1625;571;7;3;0;full-time;1;571;
1626;572;12;6;0;full-time;1;572;
1627;572;1;1;1;extramural;1;572;
1628;573;19;6;1;extramural;1;573;
1629;573;24;7;0;extramural;1;573;
1630;573;29;3;0;full-time;1;573;
1631;573;17;7;1;full-time;1;573;
1632;573;26;3;0;extramural;1;573;
1633;574;27;7;1;extramural;1;574;
1634;575;5;1;1;full-time;1;575;115
1635;575;25;7;0;extramural;1;575;115
1636;575;23;7;1;extramural;1;575;115
1637;576;18;6;1;full-time;1;576;
1638;576;7;3;0;extramural;1;576;
1639;577;7;3;1;full-time;1;577;
1640;577;4;4;0;extramural;1;577;
1641;577;3;3;0;full-time;1;577;
1642;578;7;3;1;extramural;1;578;
1643;578;26;3;0;full-time;1;578;
1644;578;8;3;1;extramural;1;578;
1645;578;2;3;0;extramural;1;578;
1646;579;10;3;0;full-time;1;579;
1647;579;5;1;1;extramural;1;579;
1648;580;4;3;0;extramural;1;580;116
1649;580;25;7;1;full-time;1;580;116
1650;580;9;4;0;extramural;1;580;116
1651;580;21;7;1;extramural;1;580;116
1652;581;12;6;0;extramural;1;581;
1653;581;26;3;0;full-time;1;581;
1654;581;9;4;0;extramural;1;581;
1655;582;7;3;0;extramural;1;582;
1656;582;4;4;0;full-time;1;582;
1657;582;1;3;1;extramural;1;582;
1658;583;2;3;1;extramural;1;583;
1659;583;10;3;1;full-time;1;583;
1660;583;7;3;1;full-time;1;583;
1661;583;14;7;0;full-time;1;583;
1662;584;13;3;0;full-time;1;584;
1663;585;14;7;0;extramural;1;585;117
1664;585;28;6;0;full-time;1;585;117
1665;586;25;7;1;extramural;1;586;
1666;586;16;7;1;full-time;1;586;
1667;586;15;7;1;full-time;1;586;
1668;586;3;3;1;full-time;1;586;
1669;587;28;6;1;extramural;1;587;
1670;587;16;7;1;full-time;1;587;
1671;588;17;7;0;extramural;1;588;
1672;588;11;3;1;full-time;1;588;
1673;588;21;7;1;extramural;1;588;
1674;588;23;7;1;extramural;1;588;
1675;588;1;3;0;extramural;1;588;
1676;589;2;2;1;extramural;1;589;
1677;589;9;4;0;full-time;1;589;
1678;589;12;6;0;full-time;1;589;
1679;589;1;3;0;full-time;1;589;
1680;590;29;3;1;extramural;1;590;118
1681;591;24;7;1;full-time;1;591;
1682;591;1;3;1;extramural;1;591;
1683;591;15;7;1;full-time;1;591;
1684;591;13;3;0;extramural;1;591;
1685;592;18;6;0;full-time;1;592;
1686;592;24;7;0;extramural;1;592;
1687;593;14;7;0;extramural;1;593;
1688;593;10;3;0;extramural;1;593;
1689;593;28;6;1;full-time;1;593;
1690;594;21;7;0;full-time;1;594;
1691;594;3;3;0;extramural;1;594;
1692;594;11;3;1;extramural;1;594;
1693;594;14;7;0;full-time;1;594;
1694;594;20;7;1;extramural;1;594;
1695;595;14;7;1;extramural;1;595;119
1696;595;10;3;1;extramural;1;595;119
1697;595;25;7;0;full-time;1;595;119
1698;596;6;5;1;full-time;1;596;
1699;596;13;3;0;full-time;1;596;
1700;596;20;7;1;full-time;1;596;
1701;596;19;6;1;extramural;1;596;
1702;596;29;3;0;full-time;1;596;
1703;597;16;7;0;full-time;1;597;
1704;597;9;4;0;full-time;1;597;
1705;597;18;6;1;full-time;1;597;
1706;598;26;3;1;extramural;1;598;
1707;599;11;3;0;extramural;1;599;
1708;599;29;3;0;full-time;1;599;
1709;599;13;3;1;extramural;1;599;
1710;599;4;3;1;extramural;1;599;
1711;600;23;7;1;extramural;1;600;12
1712;600;17;7;1;full-time;1;600;12
1713;600;6;5;0;full-time;1;600;12
1714;600;3;3;1;full-time;1;600;12
1715;601;2;3;1;extramural;1;601;
1716;601;26;3;0;extramural;1;601;
1717;602;15;7;0;full-time;1;602;
1718;602;19;6;1;full-time;1;602;
1719;602;26;3;0;full-time;1;602;
1720;603;29;3;0;full-time;1;603;
1721;603;10;3;1;full-time;1;603;
1722;603;6;5;1;full-time;1;603;
1723;603;12;6;0;full-time;1;603;
1724;603;7;3;0;full-time;1;603;
1725;604;10;3;0;full-time;1;604;
1726;604;25;7;1;full-time;1;604;
1727;605;10;3;0;extramural;1;605;121
1728;606;2;2;1;extramural;1;606;
1729;606;4;4;0;full-time;1;606;
1730;606;27;7;1;extramural;1;606;
1731;606;21;7;0;full-time;1;606;
1732;607;21;7;0;full-time;1;607;
1733;607;28;6;0;extramural;1;607;
1734;607;18;6;1;extramural;1;607;
1735;607;27;7;1;full-time;1;607;
1736;608;6;5;1;extramural;1;608;
1737;608;2;2;1;full-time;1;608;
1738;608;1;3;1;extramural;1;608;
1739;608;20;7;1;extramural;1;608;
1740;608;29;3;0;full-time;1;608;
1741;609;18;6;1;full-time;1;609;
1742;609;23;7;0;extramural;1;609;
1743;609;4;4;0;full-time;1;609;
1744;609;3;3;0;extramural;1;609;
1745;610;15;7;0;full-time;1;610;122
1746;610;26;3;1;extramural;1;610;122
1747;610;2;3;1;extramural;1;610;122
1748;610;20;7;0;full-time;1;610;122
1749;610;6;5;1;full-time;1;610;122
1750;611;26;3;0;extramural;1;611;
1751;611;14;7;0;full-time;1;611;
1752;611;20;7;1;extramural;1;611;
1753;611;1;3;0;full-time;1;611;
1754;611;4;3;1;extramural;1;611;
1755;612;18;6;1;extramural;1;612;
1756;612;27;7;1;full-time;1;612;
1757;612;5;1;0;extramural;1;612;
1758;612;8;3;1;extramural;1;612;
1759;613;18;6;0;full-time;1;613;
1760;613;26;3;1;full-time;1;613;
1761;613;10;3;0;full-time;1;613;
1762;614;27;7;1;full-time;1;614;
1763;614;6;5;1;full-time;1;614;
1764;615;24;7;0;full-time;1;615;123
1765;615;18;6;0;full-time;1;615;123
1766;616;18;6;1;extramural;1;616;
1767;616;2;2;0;extramural;1;616;
1768;617;21;7;1;full-time;1;617;
1769;617;14;7;1;extramural;1;617;
1770;617;25;7;0;extramural;1;617;
1771;617;11;3;0;full-time;1;617;
1772;617;19;6;1;full-time;1;617;
1773;618;25;7;0;extramural;1;618;
1774;618;22;7;0;extramural;1;618;
1775;618;11;3;0;extramural;1;618;
1776;619;18;6;1;extramural;1;619;
1777;619;25;7;0;extramural;1;619;
1778;619;7;3;1;extramural;1;619;
1779;620;23;7;1;full-time;1;620;124
1780;621;13;3;1;full-time;1;621;
1781;621;27;7;0;full-time;1;621;
1782;622;13;3;0;full-time;1;622;
1783;622;21;7;0;full-time;1;622;
1784;622;19;6;0;extramural;1;622;
1785;623;3;3;0;extramural;1;623;
1786;623;26;3;0;full-time;1;623;
1787;624;26;3;0;full-time;1;624;
1788;624;29;3;0;extramural;1;624;
1789;625;25;7;1;extramural;1;625;125
1790;625;21;7;0;extramural;1;625;125
1791;625;14;7;0;extramural;1;625;125
1792;626;4;4;1;full-time;1;626;
1793;626;10;3;1;extramural;1;626;
1794;626;17;7;1;extramural;1;626;
1795;627;10;3;1;full-time;1;627;
1796;627;16;7;1;extramural;1;627;
1797;628;26;3;1;full-time;1;628;
1798;628;13;3;1;full-time;1;628;
1799;628;3;3;1;extramural;1;628;
1800;628;18;6;0;full-time;1;628;
1801;628;29;3;1;full-time;1;628;
1802;629;26;3;1;extramural;1;629;
1803;629;8;3;1;extramural;1;629;
1804;629;5;1;0;extramural;1;629;
1805;629;18;6;0;full-time;1;629;
1806;630;10;3;0;extramural;1;630;126
1807;630;24;7;1;full-time;1;630;126
1808;631;28;6;1;extramural;1;631;
1809;631;21;7;0;extramural;1;631;
1810;632;4;3;1;full-time;1;632;
1811;632;20;7;1;full-time;1;632;
1812;632;9;4;0;extramural;1;632;
1813;632;12;6;1;full-time;1;632;
1814;632;18;6;0;full-time;1;632;
1815;633;17;7;1;full-time;1;633;
1816;634;6;5;0;extramural;1;634;
1817;634;16;7;0;extramural;1;634;
1818;634;17;7;1;full-time;1;634;
1819;634;29;3;1;full-time;1;634;
1820;634;23;7;1;full-time;1;634;
1821;635;27;7;0;full-time;1;635;127
1822;635;1;1;1;extramural;1;635;127
1823;635;25;7;1;extramural;1;635;127
1824;635;3;3;1;full-time;1;635;127
1825;635;20;7;1;full-time;1;635;127
1826;636;22;7;0;full-time;1;636;
1827;636;6;5;1;full-time;1;636;
1828;636;13;3;0;extramural;1;636;
1829;637;23;7;0;full-time;1;637;
1830;637;15;7;0;extramural;1;637;
1831;638;13;3;1;extramural;1;638;
1832;638;9;4;0;full-time;1;638;
1833;638;10;3;0;full-time;1;638;
1834;638;2;2;1;extramural;1;638;
1835;639;1;1;1;full-time;1;639;
1836;639;24;7;1;full-time;1;639;
1837;639;14;7;1;extramural;1;639;
1838;639;16;7;0;full-time;1;639;
1839;640;26;3;1;full-time;1;640;128
1840;640;12;6;1;full-time;1;640;128
1841;640;15;7;0;full-time;1;640;128
1842;640;10;3;1;full-time;1;640;128
1843;640;8;3;1;full-time;1;640;128
1844;641;2;2;1;extramural;1;641;
1845;641;16;7;1;full-time;1;641;
1846;642;1;3;1;full-time;1;642;
1847;642;3;3;1;full-time;1;642;
1848;642;4;3;1;extramural;1;642;
1849;642;12;6;0;extramural;1;642;
1850;643;9;4;0;extramural;1;643;
1851;643;24;7;0;extramural;1;643;
1852;643;18;6;0;extramural;1;643;
1853;643;11;3;0;extramural;1;643;
1854;644;25;7;1;full-time;1;644;
1855;644;11;3;0;full-time;1;644;
1856;644;19;6;1;full-time;1;644;
1857;644;24;7;1;full-time;1;644;
1858;644;6;5;1;extramural;1;644;
1859;645;20;7;1;full-time;1;645;129
1860;646;28;6;0;extramural;1;646;
1861;646;14;7;1;full-time;1;646;
1862;646;17;7;0;full-time;1;646;
1863;647;3;3;1;extramural;1;647;
1864;647;19;6;1;extramural;1;647;
1865;647;29;3;1;full-time;1;647;
1866;647;28;6;0;extramural;1;647;
1867;647;6;5;1;extramural;1;647;
1868;648;7;3;0;full-time;1;648;
1869;648;19;6;0;extramural;1;648;
1870;648;13;3;0;extramural;1;648;
1871;648;8;3;0;extramural;1;648;
1872;649;9;4;0;full-time;1;649;
1873;649;20;7;1;extramural;1;649;
1874;649;15;7;1;full-time;1;649;
1875;650;25;7;0;full-time;1;650;13
1876;650;9;4;1;extramural;1;650;13
1877;651;17;7;1;extramural;1;651;
1878;651;14;7;0;full-time;1;651;
1879;651;27;7;0;extramural;1;651;
1880;651;4;3;1;full-time;1;651;
1881;651;12;6;1;extramural;1;651;
1882;652;8;3;0;extramural;1;652;
1883;653;20;7;1;extramural;1;653;
1884;653;11;3;1;full-time;1;653;
1885;654;4;4;1;full-time;1;654;
1886;654;7;3;1;extramural;1;654;
1887;655;4;3;1;extramural;1;655;131
1888;655;12;6;0;extramural;1;655;131
1889;655;3;3;1;full-time;1;655;131
1890;655;17;7;0;full-time;1;655;131
1891;656;22;7;0;extramural;1;656;
1892;656;26;3;0;full-time;1;656;
1893;656;19;6;1;extramural;1;656;
1894;656;5;3;0;extramural;1;656;
1895;656;17;7;1;full-time;1;656;
1896;657;22;7;0;full-time;1;657;
1897;658;28;6;1;extramural;1;658;
1898;658;6;5;1;extramural;1;658;
1899;659;3;3;0;extramural;1;659;
1900;659;5;3;0;extramural;1;659;
1901;660;6;5;1;extramural;1;660;132
1902;661;12;6;0;full-time;1;661;
1903;661;25;7;1;extramural;1;661;
1904;661;7;3;0;full-time;1;661;
1905;661;8;3;0;full-time;1;661;
1906;661;26;3;0;extramural;1;661;
1907;662;26;3;1;full-time;1;662;
1908;662;18;6;1;extramural;1;662;
1909;663;25;7;1;full-time;1;663;
1910;664;10;3;0;extramural;1;664;
1911;664;13;3;1;extramural;1;664;
1912;664;2;3;1;extramural;1;664;
1913;664;5;3;0;full-time;1;664;
1914;664;11;3;0;extramural;1;664;
1915;665;15;7;0;extramural;1;665;133
1916;665;25;7;0;full-time;1;665;133
1917;665;28;6;1;full-time;1;665;133
1918;665;2;2;0;full-time;1;665;133
1919;666;28;6;1;extramural;1;666;
1920;666;12;6;0;extramural;1;666;
1921;666;13;3;1;full-time;1;666;
1922;667;18;6;0;extramural;1;667;
1923;667;7;3;0;full-time;1;667;
1924;667;10;3;1;full-time;1;667;
1925;668;16;7;1;extramural;1;668;
1926;669;14;7;1;extramural;1;669;
1927;669;10;3;1;extramural;1;669;
1928;669;23;7;0;extramural;1;669;
1929;670;18;6;1;full-time;1;670;134
1930;670;6;5;0;full-time;1;670;134
1931;670;19;6;0;extramural;1;670;134
1932;671;11;3;0;extramural;1;671;
1933;671;7;3;0;extramural;1;671;
1934;671;28;6;0;extramural;1;671;
1935;672;20;7;0;extramural;1;672;
1936;672;12;6;1;extramural;1;672;
1937;672;26;3;0;extramural;1;672;
1938;672;16;7;1;full-time;1;672;
1939;672;1;3;0;full-time;1;672;
1940;673;10;3;0;extramural;1;673;
1941;674;5;3;0;full-time;1;674;
1942;674;4;3;1;extramural;1;674;
1943;675;14;7;1;extramural;1;675;135
1944;675;7;3;1;full-time;1;675;135
1945;676;6;5;1;extramural;1;676;
1946;676;2;3;1;full-time;1;676;
1947;676;12;6;0;full-time;1;676;
1948;676;23;7;1;full-time;1;676;
1949;676;16;7;0;full-time;1;676;
1950;677;4;3;0;full-time;1;677;
1951;678;5;1;1;full-time;1;678;
1952;678;10;3;1;extramural;1;678;
1953;678;20;7;0;extramural;1;678;
1954;679;10;3;0;extramural;1;679;
1955;679;25;7;0;full-time;1;679;
1956;680;6;5;0;full-time;1;680;136
1957;680;10;3;0;full-time;1;680;136
1958;680;15;7;0;extramural;1;680;136
1959;680;29;3;0;extramural;1;680;136
1960;681;5;1;0;full-time;1;681;
1961;681;23;7;1;full-time;1;681;
1962;681;21;7;0;extramural;1;681;
1963;681;8;3;0;full-time;1;681;
1964;682;4;3;1;full-time;1;682;
1965;682;7;3;1;extramural;1;682;
1966;682;22;7;1;full-time;1;682;
1967;682;27;7;0;extramural;1;682;
1968;682;29;3;0;extramural;1;682;
1969;683;4;4;1;full-time;1;683;
1970;683;11;3;1;full-time;1;683;
1971;683;15;7;1;extramural;1;683;
1972;684;15;7;0;full-time;1;684;
1973;684;7;3;0;full-time;1;684;
1974;684;18;6;1;full-time;1;684;
1975;684;27;7;0;full-time;1;684;
1976;685;14;7;0;full-time;1;685;137
1977;685;29;3;1;extramural;1;685;137
1978;685;5;3;0;extramural;1;685;137
1979;686;13;3;1;extramural;1;686;
1980;686;14;7;0;full-time;1;686;
1981;686;21;7;0;extramural;1;686;
1982;686;22;7;1;extramural;1;686;
1983;687;27;7;1;full-time;1;687;
1984;687;17;7;0;full-time;1;687;
1985;687;4;3;0;full-time;1;687;
1986;688;23;7;0;extramural;1;688;
1987;688;5;1;0;full-time;1;688;
1988;689;6;5;0;full-time;1;689;
1989;689;19;6;0;full-time;1;689;
1990;689;4;4;0;extramural;1;689;
1991;690;6;5;1;extramural;1;690;138
1992;690;9;4;0;extramural;1;690;138
1993;691;2;3;1;extramural;1;691;
1994;691;6;5;0;extramural;1;691;
1995;691;1;3;0;extramural;1;691;
1996;691;17;7;0;full-time;1;691;
1997;692;22;7;0;extramural;1;692;
1998;692;21;7;0;full-time;1;692;
1999;693;4;4;0;extramural;1;693;
2000;693;18;6;0;extramural;1;693;
2001;693;1;3;0;extramural;1;693;
2002;693;13;3;1;full-time;1;693;
2003;694;9;4;0;full-time;1;694;
2004;694;22;7;0;full-time;1;694;
2005;695;8;3;0;extramural;1;695;139
2006;695;6;5;1;extramural;1;695;139
2007;695;28;6;1;extramural;1;695;139
2008;696;6;5;1;full-time;1;696;
2009;696;21;7;0;extramural;1;696;
2010;696;27;7;1;full-time;1;696;
2011;696;15;7;0;full-time;1;696;
2012;696;20;7;0;full-time;1;696;
2013;697;25;7;0;full-time;1;697;
2014;698;10;3;0;full-time;1;698;
2015;699;8;3;0;extramural;1;699;
2016;699;23;7;1;full-time;1;699;
2017;699;27;7;1;full-time;1;699;
2018;699;25;7;1;full-time;1;699;
2019;700;2;3;1;full-time;1;700;14
2020;700;27;7;0;full-time;1;700;14
2021;700;6;5;0;full-time;1;700;14
2022;700;5;3;0;full-time;1;700;14
2023;700;18;6;1;full-time;1;700;14
2024;701;10;3;1;extramural;1;701;
2025;702;29;3;1;extramural;1;702;
2026;702;23;7;1;full-time;1;702;
2027;703;8;3;0;full-time;1;703;
2028;703;29;3;0;full-time;1;703;
2029;704;23;7;1;full-time;1;704;
2030;704;24;7;0;extramural;1;704;
2031;704;3;3;0;extramural;1;704;
2032;704;18;6;0;extramural;1;704;
2033;704;6;5;0;full-time;1;704;
2034;705;2;3;1;extramural;1;705;141
2035;705;16;7;1;extramural;1;705;141
2036;706;10;3;1;full-time;1;706;
2037;706;2;2;0;extramural;1;706;
2038;707;24;7;1;full-time;1;707;
2039;707;13;3;1;full-time;1;707;
2040;707;25;7;0;full-time;1;707;
2041;707;3;3;0;extramural;1;707;
2042;708;20;7;1;extramural;1;708;
2043;708;22;7;0;full-time;1;708;
2044;708;24;7;1;full-time;1;708;
2045;708;11;3;1;extramural;1;708;
2046;708;16;7;0;extramural;1;708;
2047;709;13;3;1;extramural;1;709;
2048;709;26;3;1;full-time;1;709;
2049;710;19;6;0;extramural;1;710;142
2050;710;14;7;0;full-time;1;710;142
2051;710;16;7;0;extramural;1;710;142
2052;711;17;7;1;full-time;1;711;
2053;712;28;6;0;full-time;1;712;
2054;713;16;7;1;extramural;1;713;
2055;713;19;6;0;extramural;1;713;
2056;713;9;4;0;extramural;1;713;
2057;713;2;2;1;full-time;1;713;
2058;713;27;7;1;extramural;1;713;
2059;714;8;3;0;extramural;1;714;
2060;714;24;7;0;full-time;1;714;
2061;714;28;6;0;full-time;1;714;
2062;714;7;3;1;extramural;1;714;
2063;715;21;7;0;full-time;1;715;143
2064;715;25;7;0;extramural;1;715;143
2065;715;28;6;0;extramural;1;715;143
2066;715;4;4;1;full-time;1;715;143
2067;716;27;7;0;full-time;1;716;
2068;716;18;6;1;full-time;1;716;
2069;717;18;6;0;full-time;1;717;
2070;717;17;7;1;full-time;1;717;
2071;718;19;6;0;extramural;1;718;
2072;718;22;7;1;extramural;1;718;
2073;719;24;7;1;extramural;1;719;
2074;719;8;3;0;extramural;1;719;
2075;719;25;7;1;extramural;1;719;
2076;719;9;4;1;full-time;1;719;
2077;719;1;1;0;full-time;1;719;
2078;720;6;5;1;extramural;1;720;144
2079;721;4;4;0;extramural;1;721;
2080;722;22;7;0;extramural;1;722;
2081;722;28;6;0;full-time;1;722;
2082;723;17;7;0;extramural;1;723;
2083;723;22;7;0;full-time;1;723;
2084;723;23;7;0;full-time;1;723;
2085;723;9;4;1;full-time;1;723;
2086;724;16;7;0;full-time;1;724;
2087;724;9;4;0;full-time;1;724;
2088;724;14;7;0;full-time;1;724;
2089;725;15;7;1;full-time;1;725;145
2090;725;19;6;0;full-time;1;725;145
2091;725;10;3;1;full-time;1;725;145
2092;725;11;3;0;full-time;1;725;145
2093;725;24;7;0;full-time;1;725;145
2094;726;22;7;0;extramural;1;726;
2095;726;13;3;1;full-time;1;726;
2096;727;27;7;0;extramural;1;727;
2097;727;7;3;1;extramural;1;727;
2098;727;4;4;0;full-time;1;727;
2099;727;28;6;0;extramural;1;727;
2100;728;22;7;0;extramural;1;728;
2101;729;29;3;0;full-time;1;729;
2102;729;28;6;1;extramural;1;729;
2103;730;11;3;1;full-time;1;730;146
2104;730;17;7;0;full-time;1;730;146
2105;730;29;3;0;full-time;1;730;146
2106;730;15;7;0;extramural;1;730;146
2107;731;7;3;1;extramural;1;731;
2108;732;7;3;0;full-time;1;732;
2109;733;15;7;0;full-time;1;733;
2110;733;21;7;1;extramural;1;733;
2111;733;22;7;0;full-time;1;733;
2112;733;25;7;1;full-time;1;733;
2113;733;4;3;1;full-time;1;733;
2114;734;2;3;0;full-time;1;734;
2115;734;13;3;1;full-time;1;734;
2116;735;6;5;1;full-time;1;735;147
2117;735;20;7;1;extramural;1;735;147
2118;735;3;3;1;full-time;1;735;147
2119;736;4;3;0;full-time;1;736;
2120;736;3;3;0;full-time;1;736;
2121;737;8;3;0;extramural;1;737;
2122;738;17;7;1;full-time;1;738;
2123;738;22;7;0;full-time;1;738;
2124;738;4;4;1;extramural;1;738;
2125;738;21;7;0;extramural;1;738;
2126;739;10;3;1;extramural;1;739;
2127;739;9;4;1;extramural;1;739;
2128;739;15;7;0;extramural;1;739;
2129;739;28;6;1;extramural;1;739;
2130;740;26;3;1;full-time;1;740;148
2131;740;7;3;0;extramural;1;740;148
2132;740;14;7;0;extramural;1;740;148
2133;740;9;4;0;extramural;1;740;148
2134;741;15;7;1;extramural;1;741;
2135;741;6;5;1;extramural;1;741;
2136;742;9;4;1;extramural;1;742;
2137;742;19;6;0;full-time;1;742;
2138;742;12;6;0;full-time;1;742;
2139;742;10;3;0;extramural;1;742;
2140;743;1;1;0;extramural;1;743;
2141;743;20;7;0;extramural;1;743;
2142;743;15;7;0;extramural;1;743;
2143;743;21;7;1;full-time;1;743;
2144;743;16;7;0;full-time;1;743;
2145;744;11;3;0;extramural;1;744;
2146;744;20;7;0;extramural;1;744;
2147;745;2;2;1;full-time;1;745;149
2148;745;22;7;0;extramural;1;745;149
2149;745;3;3;0;extramural;1;745;149
2150;745;26;3;0;full-time;1;745;149
2151;746;27;7;1;extramural;1;746;
2152;746;3;3;0;extramural;1;746;
2153;746;28;6;0;full-time;1;746;
2154;746;20;7;1;full-time;1;746;
2155;746;15;7;0;full-time;1;746;
2156;747;24;7;0;full-time;1;747;
2157;747;7;3;1;extramural;1;747;
2158;747;4;4;0;full-time;1;747;
2159;747;14;7;0;extramural;1;747;
2160;747;18;6;1;extramural;1;747;
2161;748;25;7;1;extramural;1;748;
2162;748;6;5;0;extramural;1;748;
2163;748;14;7;1;full-time;1;748;
2164;748;10;3;1;extramural;1;748;
2165;748;2;3;0;extramural;1;748;
2166;749;25;7;1;extramural;1;749;
2167;749;5;3;1;extramural;1;749;
2168;749;15;7;0;extramural;1;749;
2169;750;22;7;1;full-time;1;750;15
2170;750;23;7;1;full-time;1;750;15
2171;750;7;3;1;extramural;1;750;15
2172;750;25;7;0;extramural;1;750;15
2173;751;11;3;0;extramural;1;751;
2174;751;9;4;0;full-time;1;751;
2175;752;3;3;1;full-time;1;752;
2176;752;24;7;0;extramural;1;752;
2177;752;25;7;0;full-time;1;752;
2178;752;27;7;1;extramural;1;752;
2179;752;20;7;1;full-time;1;752;
2180;753;24;7;0;extramural;1;753;
2181;753;10;3;0;full-time;1;753;
2182;753;9;4;0;extramural;1;753;
2183;754;25;7;1;full-time;1;754;
2184;754;24;7;0;extramural;1;754;
2185;754;15;7;0;full-time;1;754;
2186;754;10;3;0;extramural;1;754;
2187;755;12;6;1;full-time;1;755;151
2188;755;3;3;0;extramural;1;755;151
2189;756;29;3;0;full-time;1;756;
2190;757;24;7;1;full-time;1;757;
2191;757;11;3;0;full-time;1;757;
2192;758;6;5;1;full-time;1;758;
2193;758;13;3;0;extramural;1;758;
2194;758;15;7;0;full-time;1;758;
2195;759;19;6;1;extramural;1;759;
2196;759;25;7;1;extramural;1;759;
2197;760;22;7;0;extramural;1;760;152
2198;760;18;6;0;extramural;1;760;152
2199;760;3;3;1;full-time;1;760;152
2200;761;24;7;0;full-time;1;761;
2201;761;21;7;0;full-time;1;761;
2202;761;25;7;0;extramural;1;761;
2203;761;29;3;0;full-time;1;761;
2204;761;13;3;1;extramural;1;761;
2205;762;5;3;1;full-time;1;762;
2206;762;20;7;0;extramural;1;762;
2207;762;24;7;0;full-time;1;762;
2208;762;2;2;0;extramural;1;762;
2209;762;22;7;1;extramural;1;762;
2210;763;21;7;0;extramural;1;763;
2211;763;1;1;1;full-time;1;763;
2212;764;13;3;0;full-time;1;764;
2213;764;20;7;1;extramural;1;764;
2214;765;16;7;0;full-time;1;765;153
2215;765;20;7;0;extramural;1;765;153
2216;765;7;3;1;extramural;1;765;153
2217;766;13;3;0;extramural;1;766;
2218;766;3;3;0;full-time;1;766;
2219;766;2;3;1;extramural;1;766;
2220;766;12;6;0;full-time;1;766;
2221;766;23;7;1;full-time;1;766;
2222;767;16;7;0;extramural;1;767;
2223;767;22;7;1;extramural;1;767;
2224;767;14;7;1;extramural;1;767;
2225;767;8;3;0;extramural;1;767;
2226;767;26;3;1;full-time;1;767;
2227;768;3;3;1;extramural;1;768;
2228;768;26;3;0;extramural;1;768;
2229;768;2;2;0;extramural;1;768;
2230;768;19;6;1;full-time;1;768;
2231;768;16;7;0;extramural;1;768;
2232;769;22;7;1;full-time;1;769;
2233;769;8;3;1;full-time;1;769;
2234;770;23;7;0;full-time;1;770;154
2235;771;28;6;0;full-time;1;771;
2236;771;9;4;0;extramural;1;771;
2237;771;6;5;1;extramural;1;771;
2238;772;29;3;0;extramural;1;772;
2239;772;4;4;0;extramural;1;772;
2240;772;28;6;1;full-time;1;772;
2241;772;10;3;0;full-time;1;772;
2242;772;13;3;1;full-time;1;772;
2243;773;8;3;1;full-time;1;773;
2244;773;15;7;0;full-time;1;773;
2245;774;1;3;0;extramural;1;774;
2246;774;15;7;1;full-time;1;774;
2247;774;28;6;0;full-time;1;774;
2248;774;26;3;1;extramural;1;774;
2249;774;4;4;1;full-time;1;774;
2250;775;15;7;1;extramural;1;775;155
2251;776;25;7;0;extramural;1;776;
2252;777;9;4;0;full-time;1;777;
2253;777;1;3;0;extramural;1;777;
2254;777;20;7;1;full-time;1;777;
2255;777;8;3;1;full-time;1;777;
2256;778;16;7;0;extramural;1;778;
2257;778;9;4;0;extramural;1;778;
2258;778;15;7;1;extramural;1;778;
2259;778;24;7;0;extramural;1;778;
2260;778;11;3;1;extramural;1;778;
2261;779;11;3;0;extramural;1;779;
2262;779;23;7;0;extramural;1;779;
2263;779;21;7;0;full-time;1;779;
2264;779;18;6;0;full-time;1;779;
2265;780;9;4;0;full-time;1;780;156
2266;781;7;3;0;full-time;1;781;
2267;781;19;6;0;extramural;1;781;
2268;781;24;7;1;extramural;1;781;
2269;782;29;3;1;full-time;1;782;
2270;782;14;7;0;extramural;1;782;
2271;782;22;7;0;extramural;1;782;
2272;782;7;3;1;full-time;1;782;
2273;783;26;3;0;full-time;1;783;
2274;783;15;7;1;extramural;1;783;
2275;783;16;7;0;extramural;1;783;
2276;784;10;3;0;full-time;1;784;
2277;784;25;7;0;full-time;1;784;
2278;784;4;3;1;extramural;1;784;
2279;784;21;7;1;full-time;1;784;
2280;784;5;3;0;extramural;1;784;
2281;785;10;3;1;extramural;1;785;157
2282;786;4;3;1;full-time;1;786;
2283;786;16;7;0;full-time;1;786;
2284;786;10;3;1;extramural;1;786;
2285;787;20;7;0;full-time;1;787;
2286;787;2;2;1;full-time;1;787;
2287;787;5;3;0;full-time;1;787;
2288;787;8;3;0;extramural;1;787;
2289;788;10;3;1;full-time;1;788;
2290;789;13;3;0;extramural;1;789;
2291;789;19;6;0;full-time;1;789;
2292;789;14;7;0;full-time;1;789;
2293;789;4;4;0;full-time;1;789;
2294;790;26;3;0;full-time;1;790;158
2295;790;1;3;0;extramural;1;790;158
2296;790;18;6;1;full-time;1;790;158
2297;790;22;7;1;extramural;1;790;158
2298;791;20;7;0;full-time;1;791;
2299;791;4;4;1;full-time;1;791;
2300;791;29;3;1;extramural;1;791;
2301;792;11;3;0;extramural;1;792;
2302;793;18;6;0;extramural;1;793;
2303;794;5;3;0;extramural;1;794;
2304;794;15;7;0;full-time;1;794;
2305;794;3;3;1;full-time;1;794;
2306;794;8;3;1;extramural;1;794;
2307;795;6;5;1;full-time;1;795;159
2308;795;10;3;0;extramural;1;795;159
2309;795;1;1;1;full-time;1;795;159
2310;795;20;7;0;extramural;1;795;159
2311;795;14;7;1;full-time;1;795;159
2312;796;2;3;0;extramural;1;796;
2313;796;13;3;1;full-time;1;796;
2314;796;7;3;0;extramural;1;796;
2315;796;29;3;0;extramural;1;796;
2316;796;20;7;1;extramural;1;796;
2317;797;11;3;0;extramural;1;797;
2318;797;4;3;1;extramural;1;797;
2319;797;13;3;0;full-time;1;797;
2320;798;6;5;0;extramural;1;798;
2321;798;4;3;0;extramural;1;798;
2322;799;9;4;1;extramural;1;799;
2323;800;3;3;1;full-time;1;800;16
2324;800;23;7;1;extramural;1;800;16
2325;800;15;7;1;extramural;1;800;16
2326;801;18;6;0;extramural;1;801;
2327;801;7;3;0;extramural;1;801;
2328;801;21;7;0;extramural;1;801;
2329;802;1;1;1;full-time;1;802;
2330;802;27;7;0;full-time;1;802;
2331;803;15;7;1;extramural;1;803;
2332;804;24;7;1;full-time;1;804;
2333;804;29;3;0;full-time;1;804;
2334;804;17;7;1;extramural;1;804;
2335;804;1;3;1;extramural;1;804;
2336;804;27;7;0;full-time;1;804;
2337;805;24;7;1;extramural;1;805;161
2338;806;27;7;0;extramural;1;806;
2339;806;5;3;0;extramural;1;806;
2340;806;14;7;0;extramural;1;806;
2341;806;8;3;1;full-time;1;806;
2342;807;18;6;1;full-time;1;807;
2343;807;20;7;1;extramural;1;807;
2344;807;23;7;1;full-time;1;807;
2345;808;3;3;1;extramural;1;808;
2346;808;21;7;1;extramural;1;808;
2347;808;4;3;1;extramural;1;808;
2348;808;12;6;0;extramural;1;808;
2349;808;2;2;0;extramural;1;808;
2350;809;4;4;1;full-time;1;809;
2351;809;6;5;1;extramural;1;809;
2352;809;7;3;0;extramural;1;809;
2353;809;28;6;0;extramural;1;809;
2354;809;22;7;0;extramural;1;809;
2355;810;14;7;0;extramural;1;810;162
2356;811;20;7;1;extramural;1;811;
2357;811;5;1;1;full-time;1;811;
2358;811;29;3;0;full-time;1;811;
2359;812;27;7;1;extramural;1;812;
2360;812;23;7;0;full-time;1;812;
2361;812;5;1;1;full-time;1;812;
2362;812;9;4;0;full-time;1;812;
2363;812;25;7;0;full-time;1;812;
2364;813;2;3;0;full-time;1;813;
2365;813;22;7;0;full-time;1;813;
2366;813;28;6;1;full-time;1;813;
2367;814;8;3;0;extramural;1;814;
2368;814;18;6;0;full-time;1;814;
2369;814;15;7;1;extramural;1;814;
2370;815;4;3;0;full-time;1;815;163
2371;815;21;7;0;extramural;1;815;163
2372;815;16;7;1;full-time;1;815;163
2373;815;10;3;0;extramural;1;815;163
2374;816;24;7;1;extramural;1;816;
2375;816;25;7;1;full-time;1;816;
2376;816;1;3;1;full-time;1;816;
2377;817;29;3;0;extramural;1;817;
2378;817;24;7;1;extramural;1;817;
2379;818;2;3;0;full-time;1;818;
2380;818;6;5;1;extramural;1;818;
2381;818;18;6;0;extramural;1;818;
2382;818;26;3;0;full-time;1;818;
2383;819;15;7;0;extramural;1;819;
2384;819;6;5;1;full-time;1;819;
2385;820;20;7;1;full-time;1;820;164
2386;821;9;4;0;extramural;1;821;
2387;821;14;7;1;full-time;1;821;
2388;822;13;3;0;full-time;1;822;
2389;822;23;7;1;full-time;1;822;
2390;822;16;7;1;extramural;1;822;
2391;822;11;3;0;full-time;1;822;
2392;822;17;7;0;extramural;1;822;
2393;823;19;6;0;full-time;1;823;
2394;824;21;7;0;full-time;1;824;
2395;824;13;3;1;extramural;1;824;
2396;824;10;3;1;full-time;1;824;
2397;824;1;1;0;full-time;1;824;
2398;825;22;7;0;full-time;1;825;165
2399;825;23;7;0;extramural;1;825;165
2400;825;14;7;0;full-time;1;825;165
2401;826;16;7;1;extramural;1;826;
2402;826;26;3;0;full-time;1;826;
2403;827;25;7;1;full-time;1;827;
2404;827;12;6;1;full-time;1;827;
2405;828;19;6;1;extramural;1;828;
2406;828;21;7;1;extramural;1;828;
2407;828;7;3;0;extramural;1;828;
2408;828;2;2;0;extramural;1;828;
2409;828;25;7;0;extramural;1;828;
2410;829;9;4;1;full-time;1;829;
2411;829;2;2;0;extramural;1;829;
2412;829;16;7;1;extramural;1;829;
2413;830;13;3;1;extramural;1;830;166
2414;830;17;7;0;extramural;1;830;166
2415;831;27;7;1;extramural;1;831;
2416;831;29;3;0;full-time;1;831;
2417;831;1;3;1;extramural;1;831;
2418;831;2;3;1;extramural;1;831;
2419;832;14;7;1;extramural;1;832;
2420;832;6;5;0;extramural;1;832;
2421;832;4;4;1;extramural;1;832;
2422;832;24;7;1;full-time;1;832;
2423;832;23;7;1;full-time;1;832;
2424;833;20;7;1;full-time;1;833;
2425;834;22;7;1;full-time;1;834;
2426;834;21;7;0;full-time;1;834;
2427;834;15;7;0;extramural;1;834;
2428;835;7;3;0;extramural;1;835;167
2429;835;9;4;1;full-time;1;835;167
2430;835;15;7;0;full-time;1;835;167
2431;836;29;3;1;full-time;1;836;
2432;836;19;6;1;extramural;1;836;
2433;837;24;7;1;full-time;1;837;
2434;837;26;3;1;extramural;1;837;
2435;838;19;6;1;extramural;1;838;
2436;838;6;5;0;extramural;1;838;
2437;838;7;3;0;full-time;1;838;
2438;838;23;7;1;full-time;1;838;
2439;839;25;7;1;extramural;1;839;
2440;839;19;6;1;extramural;1;839;
2441;839;9;4;0;full-time;1;839;
2442;839;11;3;1;full-time;1;839;
2443;839;18;6;1;extramural;1;839;
2444;840;1;3;0;extramural;1;840;168
2445;841;27;7;0;full-time;1;841;
2446;842;28;6;1;full-time;1;842;
2447;843;21;7;0;full-time;1;843;
2448;843;28;6;1;extramural;1;843;
2449;844;10;3;1;extramural;1;844;
2450;844;24;7;0;full-time;1;844;
2451;844;9;4;1;full-time;1;844;
2452;845;15;7;0;extramural;1;845;169
2453;845;5;1;1;extramural;1;845;169
2454;845;7;3;1;extramural;1;845;169
2455;845;29;3;0;extramural;1;845;169
2456;845;20;7;0;full-time;1;845;169
2457;846;29;3;1;extramural;1;846;
2458;846;17;7;1;extramural;1;846;
2459;847;7;3;0;extramural;1;847;
2460;848;20;7;0;full-time;1;848;
2461;849;14;7;1;full-time;1;849;
2462;850;23;7;1;extramural;1;850;17
2463;850;12;6;1;extramural;1;850;17
2464;850;19;6;0;extramural;1;850;17
2465;850;9;4;1;full-time;1;850;17
2466;850;17;7;1;full-time;1;850;17
2467;851;2;3;0;full-time;1;851;
2468;851;1;1;0;full-time;1;851;
2469;851;5;1;1;full-time;1;851;
2470;852;27;7;0;full-time;1;852;
2471;852;17;7;1;full-time;1;852;
2472;852;18;6;1;full-time;1;852;
2473;852;8;3;1;extramural;1;852;
2474;852;5;3;0;full-time;1;852;
2475;853;1;3;0;full-time;1;853;
2476;853;27;7;1;extramural;1;853;
2477;853;8;3;0;extramural;1;853;
2478;853;2;3;0;full-time;1;853;
2479;853;26;3;1;full-time;1;853;
2480;854;3;3;0;extramural;1;854;
2481;855;15;7;0;full-time;1;855;171
2482;855;9;4;0;extramural;1;855;171
2483;855;1;1;1;full-time;1;855;171
2484;855;4;4;1;full-time;1;855;171
2485;855;6;5;0;extramural;1;855;171
2486;856;22;7;0;extramural;1;856;
2487;856;28;6;1;extramural;1;856;
2488;857;24;7;1;full-time;1;857;
2489;857;11;3;1;extramural;1;857;
2490;857;9;4;0;full-time;1;857;
2491;858;7;3;0;full-time;1;858;
2492;858;22;7;0;full-time;1;858;
2493;858;29;3;1;full-time;1;858;
2494;859;2;3;0;full-time;1;859;
2495;859;6;5;1;full-time;1;859;
2496;859;21;7;1;full-time;1;859;
2497;859;17;7;1;extramural;1;859;
2498;859;4;4;0;full-time;1;859;
2499;860;29;3;1;full-time;1;860;172
2500;860;22;7;0;full-time;1;860;172
2501;861;24;7;1;full-time;1;861;
2502;861;23;7;0;extramural;1;861;
2503;861;9;4;1;full-time;1;861;
2504;862;8;3;1;extramural;1;862;
2505;862;18;6;0;full-time;1;862;
2506;863;29;3;1;full-time;1;863;
2507;863;5;1;1;full-time;1;863;
2508;863;13;3;0;full-time;1;863;
2509;863;8;3;1;extramural;1;863;
2510;863;26;3;0;extramural;1;863;
2511;864;19;6;0;full-time;1;864;
2512;864;16;7;1;full-time;1;864;
2513;865;20;7;0;extramural;1;865;173
2514;865;19;6;1;full-time;1;865;173
2515;865;6;5;0;full-time;1;865;173
2516;865;26;3;0;full-time;1;865;173
2517;865;23;7;0;extramural;1;865;173
2518;866;16;7;0;extramural;1;866;
2519;866;27;7;0;extramural;1;866;
2520;866;14;7;1;extramural;1;866;
2521;866;7;3;1;extramural;1;866;
2522;866;23;7;1;extramural;1;866;
2523;867;17;7;0;full-time;1;867;
2524;868;9;4;1;extramural;1;868;
2525;868;26;3;0;full-time;1;868;
2526;868;4;4;1;extramural;1;868;
2527;868;24;7;0;full-time;1;868;
2528;869;3;3;0;full-time;1;869;
2529;869;9;4;0;full-time;1;869;
2530;869;15;7;0;full-time;1;869;
2531;870;21;7;1;extramural;1;870;174
2532;870;22;7;1;full-time;1;870;174
2533;871;21;7;0;extramural;1;871;
2534;871;10;3;1;full-time;1;871;
2535;871;13;3;1;extramural;1;871;
2536;871;22;7;0;extramural;1;871;
2537;871;6;5;1;extramural;1;871;
2538;872;1;3;1;full-time;1;872;
2539;872;3;3;1;extramural;1;872;
2540;872;20;7;0;full-time;1;872;
2541;872;8;3;0;full-time;1;872;
2542;873;17;7;0;extramural;1;873;
2543;873;10;3;1;full-time;1;873;
2544;873;14;7;1;extramural;1;873;
2545;873;3;3;1;extramural;1;873;
2546;873;12;6;1;extramural;1;873;
2547;874;28;6;0;full-time;1;874;
2548;875;7;3;1;extramural;1;875;175
2549;875;3;3;0;full-time;1;875;175
2550;875;25;7;0;full-time;1;875;175
2551;876;12;6;0;full-time;1;876;
2552;876;22;7;1;extramural;1;876;
2553;877;7;3;1;full-time;1;877;
2554;877;24;7;1;full-time;1;877;
2555;877;27;7;0;extramural;1;877;
2556;878;23;7;1;extramural;1;878;
2557;879;19;6;1;full-time;1;879;
2558;879;22;7;0;extramural;1;879;
2559;879;12;6;0;full-time;1;879;
2560;879;7;3;0;full-time;1;879;
2561;880;26;3;1;extramural;1;880;176
2562;881;26;3;1;full-time;1;881;
2563;881;22;7;0;full-time;1;881;
2564;882;2;3;0;extramural;1;882;
2565;882;7;3;1;full-time;1;882;
2566;882;22;7;0;extramural;1;882;
2567;882;25;7;1;extramural;1;882;
2568;882;20;7;0;extramural;1;882;
2569;883;1;3;1;extramural;1;883;
2570;883;16;7;1;full-time;1;883;
2571;883;8;3;1;full-time;1;883;
2572;883;22;7;0;full-time;1;883;
2573;884;8;3;0;extramural;1;884;
2574;884;11;3;0;full-time;1;884;
2575;884;18;6;0;extramural;1;884;
2576;884;19;6;1;full-time;1;884;
2577;885;9;4;1;full-time;1;885;177
2578;885;15;7;1;full-time;1;885;177
2579;885;16;7;1;full-time;1;885;177
2580;885;21;7;0;extramural;1;885;177
2581;886;14;7;0;extramural;1;886;
2582;886;27;7;0;extramural;1;886;
2583;887;28;6;0;extramural;1;887;
2584;888;23;7;0;full-time;1;888;
2585;888;16;7;1;full-time;1;888;
2586;888;17;7;0;full-time;1;888;
2587;888;20;7;1;full-time;1;888;
2588;888;12;6;0;extramural;1;888;
2589;889;12;6;1;extramural;1;889;
2590;889;5;3;0;extramural;1;889;
2591;889;29;3;1;full-time;1;889;
2592;890;10;3;1;full-time;1;890;178
2593;890;1;1;1;extramural;1;890;178
2594;890;17;7;0;full-time;1;890;178
2595;890;27;7;1;extramural;1;890;178
2596;891;9;4;0;extramural;1;891;
2597;891;24;7;1;extramural;1;891;
2598;891;16;7;1;extramural;1;891;
2599;891;19;6;1;extramural;1;891;
2600;892;26;3;1;extramural;1;892;
2601;892;13;3;0;extramural;1;892;
2602;893;13;3;1;full-time;1;893;
2603;894;8;3;1;full-time;1;894;
2604;894;26;3;0;extramural;1;894;
2605;895;2;3;1;extramural;1;895;179
2606;895;7;3;1;extramural;1;895;179
2607;895;19;6;1;full-time;1;895;179
2608;896;7;3;0;extramural;1;896;
2609;897;8;3;1;full-time;1;897;
2610;897;20;7;1;extramural;1;897;
2611;897;13;3;0;extramural;1;897;
2612;898;22;7;1;full-time;1;898;
2613;898;25;7;0;full-time;1;898;
2614;898;3;3;0;extramural;1;898;
2615;899;12;6;0;full-time;1;899;
2616;899;29;3;1;full-time;1;899;
2617;900;7;3;0;full-time;1;900;18
2618;901;14;7;0;full-time;1;901;
2619;901;3;3;1;full-time;1;901;
2620;902;18;6;0;full-time;1;902;
2621;902;10;3;0;full-time;1;902;
2622;903;26;3;1;full-time;1;903;
2623;903;7;3;0;full-time;1;903;
2624;903;23;7;1;extramural;1;903;
2625;903;28;6;0;full-time;1;903;
2626;904;4;4;1;full-time;1;904;
2627;904;27;7;1;full-time;1;904;
2628;904;11;3;0;full-time;1;904;
2629;905;17;7;1;full-time;1;905;181
2630;905;27;7;1;extramural;1;905;181
2631;905;22;7;0;extramural;1;905;181
2632;905;29;3;0;full-time;1;905;181
2633;905;19;6;0;extramural;1;905;181
2634;906;6;5;1;extramural;1;906;
2635;907;4;4;1;full-time;1;907;
2636;907;12;6;0;extramural;1;907;
2637;907;3;3;0;full-time;1;907;
2638;907;20;7;1;extramural;1;907;
2639;908;27;7;0;full-time;1;908;
2640;909;15;7;1;extramural;1;909;
2641;909;5;3;1;extramural;1;909;
2642;910;10;3;1;extramural;1;910;182
2643;910;28;6;1;full-time;1;910;182
2644;911;10;3;0;extramural;1;911;
2645;912;24;7;0;extramural;1;912;
2646;913;13;3;1;full-time;1;913;
2647;913;19;6;1;full-time;1;913;
2648;913;8;3;0;extramural;1;913;
2649;914;22;7;1;extramural;1;914;
2650;914;19;6;1;full-time;1;914;
2651;914;16;7;0;full-time;1;914;
2652;914;8;3;0;full-time;1;914;
2653;915;4;3;1;full-time;1;915;183
2654;915;12;6;0;extramural;1;915;183
2655;915;5;1;0;full-time;1;915;183
2656;915;19;6;1;extramural;1;915;183
2657;916;17;7;0;full-time;1;916;
2658;916;27;7;0;extramural;1;916;
2659;916;4;3;0;extramural;1;916;
2660;917;22;7;1;extramural;1;917;
2661;917;27;7;0;extramural;1;917;
2662;917;12;6;0;full-time;1;917;
2663;917;24;7;1;extramural;1;917;
2664;917;16;7;0;extramural;1;917;
2665;918;28;6;0;full-time;1;918;
2666;918;3;3;0;extramural;1;918;
2667;918;2;2;1;full-time;1;918;
2668;918;21;7;0;extramural;1;918;
2669;918;5;3;0;full-time;1;918;
2670;919;9;4;0;full-time;1;919;
2671;920;18;6;0;extramural;1;920;184
2672;920;5;3;0;extramural;1;920;184
2673;920;24;7;1;extramural;1;920;184
2674;920;17;7;0;full-time;1;920;184
2675;920;11;3;1;extramural;1;920;184
2676;921;12;6;0;extramural;1;921;
2677;921;23;7;1;full-time;1;921;
2678;921;2;2;1;extramural;1;921;
2679;921;18;6;1;extramural;1;921;
2680;921;9;4;0;full-time;1;921;
2681;922;26;3;1;full-time;1;922;
2682;922;20;7;0;extramural;1;922;
2683;923;9;4;1;extramural;1;923;
2684;923;23;7;1;extramural;1;923;
2685;924;27;7;1;extramural;1;924;
2686;924;29;3;1;extramural;1;924;
2687;924;3;3;0;extramural;1;924;
2688;925;16;7;0;full-time;1;925;185
2689;926;18;6;1;extramural;1;926;
2690;927;2;2;1;full-time;1;927;
2691;927;29;3;1;extramural;1;927;
2692;927;6;5;0;extramural;1;927;
2693;927;20;7;1;extramural;1;927;
2694;927;25;7;1;extramural;1;927;
2695;928;4;3;0;full-time;1;928;
2696;928;10;3;0;full-time;1;928;
2697;928;27;7;1;extramural;1;928;
2698;929;18;6;1;extramural;1;929;
2699;929;29;3;0;full-time;1;929;
2700;929;22;7;0;extramural;1;929;
2701;930;23;7;0;full-time;1;930;186
2702;930;11;3;0;extramural;1;930;186
2703;931;21;7;1;extramural;1;931;
2704;931;18;6;1;full-time;1;931;
2705;931;9;4;0;full-time;1;931;
2706;932;12;6;0;extramural;1;932;
2707;932;4;3;0;extramural;1;932;
2708;932;2;2;0;extramural;1;932;
2709;932;23;7;1;full-time;1;932;
2710;932;9;4;0;extramural;1;932;
2711;933;25;7;1;extramural;1;933;
2712;933;6;5;0;extramural;1;933;
2713;933;20;7;1;full-time;1;933;
2714;934;1;1;1;extramural;1;934;
2715;934;19;6;0;full-time;1;934;
2716;935;4;3;0;full-time;1;935;187
2717;936;26;3;0;full-time;1;936;
2718;936;29;3;0;full-time;1;936;
2719;937;4;4;0;full-time;1;937;
2720;937;12;6;1;full-time;1;937;
2721;938;25;7;1;extramural;1;938;
2722;938;17;7;1;extramural;1;938;
2723;938;11;3;1;full-time;1;938;
2724;938;4;4;0;full-time;1;938;
2725;939;11;3;1;full-time;1;939;
2726;939;18;6;0;extramural;1;939;
2727;939;27;7;0;extramural;1;939;
2728;939;3;3;0;extramural;1;939;
2729;939;26;3;0;extramural;1;939;
2730;940;7;3;1;extramural;1;940;188
2731;940;4;4;0;full-time;1;940;188
2732;940;25;7;1;extramural;1;940;188
2733;940;16;7;1;full-time;1;940;188
2734;941;17;7;1;full-time;1;941;
2735;941;15;7;1;full-time;1;941;
2736;941;23;7;0;full-time;1;941;
2737;942;5;3;0;extramural;1;942;
2738;942;7;3;0;full-time;1;942;
2739;942;22;7;1;full-time;1;942;
2740;942;18;6;0;extramural;1;942;
2741;942;21;7;0;extramural;1;942;
2742;943;14;7;1;full-time;1;943;
2743;943;12;6;0;extramural;1;943;
2744;943;28;6;1;extramural;1;943;
2745;943;9;4;0;full-time;1;943;
2746;944;19;6;1;full-time;1;944;
2747;944;22;7;1;extramural;1;944;
2748;944;16;7;1;extramural;1;944;
2749;944;29;3;1;extramural;1;944;
2750;945;29;3;0;full-time;1;945;189
2751;946;26;3;1;extramural;1;946;
2752;946;11;3;1;full-time;1;946;
2753;946;13;3;0;full-time;1;946;
2754;946;27;7;0;extramural;1;946;
2755;946;19;6;1;extramural;1;946;
2756;947;2;3;0;extramural;1;947;
2757;947;29;3;1;extramural;1;947;
2758;947;11;3;1;full-time;1;947;
2759;947;13;3;1;extramural;1;947;
2760;947;8;3;0;extramural;1;947;
2761;948;28;6;1;full-time;1;948;
2762;948;29;3;0;full-time;1;948;
2763;948;27;7;1;extramural;1;948;
2764;948;2;3;1;extramural;1;948;
2765;949;4;4;1;full-time;1;949;
2766;949;2;2;0;full-time;1;949;
2767;950;7;3;0;extramural;1;950;19
2768;950;23;7;0;full-time;1;950;19
2769;950;14;7;0;full-time;1;950;19
2770;950;6;5;1;extramural;1;950;19
2771;950;22;7;1;extramural;1;950;19
2772;951;9;4;1;extramural;1;951;
2773;951;21;7;0;extramural;1;951;
2774;951;2;2;1;full-time;1;951;
2775;952;17;7;1;full-time;1;952;
2776;952;26;3;1;extramural;1;952;
2777;952;1;3;1;full-time;1;952;
2778;952;19;6;0;full-time;1;952;
2779;952;7;3;1;extramural;1;952;
2780;953;8;3;0;full-time;1;953;
2781;953;23;7;1;extramural;1;953;
2782;953;18;6;1;extramural;1;953;
2783;953;17;7;1;full-time;1;953;
2784;953;27;7;0;extramural;1;953;
2785;954;21;7;1;extramural;1;954;
2786;955;29;3;0;extramural;1;955;191
2787;955;9;4;1;extramural;1;955;191
2788;956;6;5;1;extramural;1;956;
2789;957;27;7;0;extramural;1;957;
2790;957;3;3;1;full-time;1;957;
2791;957;1;3;1;extramural;1;957;
2792;958;17;7;0;full-time;1;958;
2793;958;5;3;0;full-time;1;958;
2794;959;6;5;0;extramural;1;959;
2795;959;3;3;1;extramural;1;959;
2796;959;21;7;1;full-time;1;959;
2797;960;8;3;0;full-time;1;960;192
2798;960;19;6;1;extramural;1;960;192
2799;960;5;3;1;full-time;1;960;192
2800;961;13;3;1;extramural;1;961;
2801;961;17;7;1;extramural;1;961;
2802;961;23;7;1;extramural;1;961;
2803;961;2;3;0;full-time;1;961;
2804;962;26;3;0;full-time;1;962;
2805;962;28;6;1;extramural;1;962;
2806;962;4;3;0;extramural;1;962;
2807;962;23;7;1;full-time;1;962;
2808;963;21;7;0;full-time;1;963;
2809;963;22;7;0;full-time;1;963;
2810;964;1;3;0;full-time;1;964;
2811;964;19;6;0;extramural;1;964;
2812;964;29;3;1;full-time;1;964;
2813;965;11;3;1;full-time;1;965;193
2814;966;15;7;1;extramural;1;966;
2815;966;12;6;0;extramural;1;966;
2816;966;14;7;1;full-time;1;966;
2817;966;22;7;0;full-time;1;966;
2818;966;6;5;0;full-time;1;966;
2819;967;6;5;0;extramural;1;967;
2820;967;4;4;0;extramural;1;967;
2821;967;20;7;0;extramural;1;967;
2822;968;7;3;1;extramural;1;968;
2823;968;25;7;1;extramural;1;968;
2824;968;1;1;1;full-time;1;968;
2825;968;3;3;0;full-time;1;968;
2826;969;17;7;0;extramural;1;969;
2827;969;22;7;1;full-time;1;969;
2828;969;1;3;0;extramural;1;969;
2829;970;6;5;0;extramural;1;970;194
2830;970;8;3;1;full-time;1;970;194
2831;970;26;3;1;extramural;1;970;194
2832;970;19;6;1;extramural;1;970;194
2833;970;4;4;1;extramural;1;970;194
2834;971;19;6;0;extramural;1;971;
2835;971;4;4;1;extramural;1;971;
2836;971;6;5;0;extramural;1;971;
2837;971;15;7;0;extramural;1;971;
2838;972;16;7;1;extramural;1;972;
2839;972;13;3;0;extramural;1;972;
2840;972;20;7;1;extramural;1;972;
2841;972;24;7;0;extramural;1;972;
2842;973;10;3;0;extramural;1;973;
2843;973;22;7;1;full-time;1;973;
2844;973;25;7;0;extramural;1;973;
2845;974;14;7;1;full-time;1;974;
2846;974;12;6;0;extramural;1;974;
2847;975;1;3;1;extramural;1;975;195
2848;975;16;7;0;full-time;1;975;195
2849;975;3;3;0;extramural;1;975;195
2850;975;19;6;1;full-time;1;975;195
2851;976;6;5;0;extramural;1;976;
2852;976;8;3;1;full-time;1;976;
2853;977;22;7;1;extramural;1;977;
2854;977;16;7;1;full-time;1;977;
2855;977;19;6;0;full-time;1;977;
2856;977;20;7;1;extramural;1;977;
2857;978;29;3;1;full-time;1;978;
2858;978;27;7;1;full-time;1;978;
2859;978;25;7;0;extramural;1;978;
2860;978;4;4;1;extramural;1;978;
2861;978;26;3;1;full-time;1;978;
2862;979;12;6;0;full-time;1;979;
2863;979;23;7;0;extramural;1;979;
2864;979;17;7;0;full-time;1;979;
2865;979;8;3;1;extramural;1;979;
2866;979;14;7;0;full-time;1;979;
2867;980;8;3;0;extramural;1;980;196
2868;980;22;7;0;extramural;1;980;196
2869;980;20;7;0;full-time;1;980;196
2870;980;15;7;1;extramural;1;980;196
2871;981;1;1;1;extramural;1;981;
2872;981;18;6;0;extramural;1;981;
2873;981;23;7;1;extramural;1;981;
2874;981;27;7;0;extramural;1;981;
2875;981;12;6;1;extramural;1;981;
2876;982;20;7;1;extramural;1;982;
2877;983;1;3;0;extramural;1;983;
2878;983;3;3;1;full-time;1;983;
2879;984;11;3;0;extramural;1;984;
2880;985;1;1;1;extramural;1;985;197
2881;985;11;3;1;extramural;1;985;197
2882;985;27;7;1;full-time;1;985;197
2883;985;23;7;1;extramural;1;985;197
2884;985;25;7;1;full-time;1;985;197
2885;986;6;5;0;extramural;1;986;
2886;986;15;7;0;extramural;1;986;
2887;986;4;4;1;full-time;1;986;
2888;986;17;7;0;extramural;1;986;
2889;987;17;7;1;full-time;1;987;
2890;987;9;4;1;extramural;1;987;
2891;987;6;5;1;extramural;1;987;
2892;987;5;1;1;full-time;1;987;
2893;987;11;3;0;full-time;1;987;
2894;988;13;3;1;extramural;1;988;
2895;988;29;3;1;full-time;1;988;
2896;988;2;3;0;full-time;1;988;
2897;989;9;4;1;full-time;1;989;
2898;990;17;7;1;extramural;1;990;198
2899;990;11;3;0;extramural;1;990;198
2900;990;27;7;0;extramural;1;990;198
2901;990;10;3;0;full-time;1;990;198
2902;990;29;3;1;full-time;1;990;198
2903;991;18;6;0;extramural;1;991;
2904;991;26;3;0;full-time;1;991;
2905;991;22;7;1;full-time;1;991;
2906;991;1;1;0;full-time;1;991;
2907;992;12;6;1;extramural;1;992;
2908;992;5;1;1;extramural;1;992;
2909;993;17;7;1;extramural;1;993;
2910;994;9;4;1;extramural;1;994;
2911;994;28;6;1;extramural;1;994;
2912;995;29;3;1;full-time;1;995;199
2913;995;10;3;0;full-time;1;995;199
2914;995;6;5;0;extramural;1;995;199
2915;996;27;7;1;extramural;1;996;
2916;997;12;6;1;full-time;1;997;
2917;998;27;7;1;full-time;1;998;
2918;998;1;1;0;full-time;1;998;
2919;998;16;7;1;extramural;1;998;
2920;998;13;3;1;full-time;1;998;
2921;999;19;6;1;full-time;1;999;
2922;999;14;7;1;extramural;1;999;
2923;999;4;4;1;extramural;1;999;
2924;1000;24;7;0;extramural;1;1000;2
2925;1000;19;6;1;full-time;1;1000;2
